vertex_1,vertex_2,cl_ID
3707,3708,1
3550,3707,2
3534,3707,3
3,3584,4
4,4931,5
5,89,6
7,9,7
8,9,8
9,10,9
13,14,10
14,16,11
15,17,12
15,18,13
23,4446,14
24,4447,15
29,99,16
34,35,17
37,38,18
37,39,19
37,40,20
45,48,21
46,48,22
50,4449,23
64,69,24
65,69,25
66,69,26
67,70,27
68,71,28
75,99,29
88,90,30
88,89,31
89,91,32
94,95,33
103,141,34
115,116,35
116,206,36
117,118,37
117,119,38
122,123,39
123,124,40
127,130,41
128,130,42
129,130,43
133,4462,44
134,2563,45
154,159,46
155,160,47
30,161,48
163,166,49
163,164,50
164,165,51
178,181,52
183,185,53
184,185,54
198,202,55
27,204,56
62,210,57
211,214,58
211,213,59
211,212,60
102,211,61
218,219,62
220,225,63
221,222,64
234,235,65
144,235,66
130,236,67
237,238,68
246,248,69
249,251,70
250,251,71
257,260,72
258,260,73
266,309,74
269,270,75
271,275,76
272,275,77
273,373,78
273,275,79
274,275,80
275,276,81
277,352,82
277,287,83
284,285,84
289,291,85
292,293,86
294,299,87
295,301,88
298,301,89
302,303,90
304,317,91
304,308,92
305,306,93
310,4432,94
310,359,95
310,354,96
309,324,97
325,326,98
327,4429,99
315,327,100
328,380,101
328,329,102
241,328,103
332,381,104
332,341,105
339,340,106
337,339,107
348,353,108
349,353,109
350,351,110
358,378,111
331,358,112
360,362,113
243,364,114
243,365,115
336,374,116
354,375,117
376,379,118
253,377,119
261,383,120
386,387,121
387,388,122
389,431,123
391,392,124
397,398,125
397,399,126
397,400,127
397,401,128
402,403,129
403,404,130
405,406,131
408,409,132
411,412,133
414,416,134
417,418,135
419,422,136
432,434,137
435,436,138
441,442,139
449,450,140
459,462,141
436,462,142
443,467,143
472,473,144
477,478,145
488,492,146
482,492,147
501,502,148
503,505,149
504,505,150
510,573,151
510,572,152
510,546,153
511,562,154
512,513,155
512,514,156
515,4459,157
516,520,158
517,521,159
518,521,160
520,521,161
527,528,162
529,530,163
531,532,164
537,538,165
561,562,166
568,569,167
536,575,168
576,731,169
576,661,170
576,660,171
576,658,172
578,579,173
580,703,174
580,665,175
583,584,176
587,588,177
589,598,178
590,591,179
590,592,180
593,594,181
595,596,182
595,597,183
598,599,184
598,600,185
598,601,186
598,602,187
598,603,188
604,605,189
605,607,190
608,611,191
609,610,192
610,612,193
616,617,194
618,619,195
598,621,196
622,623,197
624,625,198
577,626,199
628,629,200
630,631,201
632,633,202
634,635,203
636,637,204
639,640,205
641,642,206
643,659,207
644,645,208
646,647,209
648,649,210
650,651,211
651,726,212
652,654,213
655,656,214
657,659,215
662,663,216
664,665,217
666,667,218
671,705,219
673,674,220
673,675,221
679,680,222
681,683,223
681,684,224
685,686,225
687,688,226
689,690,227
691,692,228
681,694,229
695,696,230
697,698,231
699,729,232
699,700,233
702,703,234
588,704,235
595,706,236
707,710,237
707,708,238
710,711,239
638,710,240
712,713,241
714,715,242
716,717,243
717,721,244
718,719,245
720,721,246
722,723,247
723,724,248
725,726,249
721,728,250
729,730,251
638,729,252
732,733,253
690,733,254
734,735,255
736,737,256
738,739,257
742,745,258
744,746,259
745,747,260
748,781,261
749,752,262
756,758,263
762,763,264
766,767,265
767,804,266
768,772,267
769,773,268
770,773,269
772,774,270
749,776,271
781,785,272
789,790,273
793,794,274
796,797,275
771,798,276
799,800,277
781,800,278
801,802,279
807,808,280
804,808,281
811,812,282
816,817,283
804,822,284
831,4445,285
842,843,286
843,4180,287
848,912,288
848,849,289
847,848,290
849,890,291
849,889,292
849,888,293
849,887,294
849,880,295
850,910,296
850,909,297
850,908,298
850,856,299
851,899,300
851,855,301
852,855,302
834,867,303
832,868,304
832,869,305
847,871,306
832,905,307
832,906,308
832,907,309
832,911,310
913,919,311
913,918,312
847,913,313
914,918,314
915,918,315
916,919,316
917,919,317
832,920,318
832,921,319
922,928,320
922,927,321
865,922,322
923,927,323
924,927,324
925,928,325
926,928,326
832,933,327
934,1054,328
934,1015,329
938,939,330
947,948,331
943,947,332
956,984,333
957,958,334
973,974,335
982,983,336
954,984,337
985,986,338
988,989,339
991,995,340
995,1000,341
942,995,342
1006,1008,343
1006,1009,344
1006,1010,345
1017,1018,346
1021,1022,347
1027,1028,348
1030,1031,349
1031,1039,350
1031,1040,351
1031,1041,352
1042,1043,353
1065,1177,354
1078,1225,355
1079,1080,356
1084,1504,357
1084,1447,358
1084,1296,359
1111,1112,360
1112,1460,361
1113,1582,362
1113,1580,363
1114,1117,364
1122,1123,365
1137,1139,366
1137,1140,367
1142,1143,368
1145,1223,369
1147,1149,370
1167,1169,371
1173,2181,372
1106,1180,373
1107,1181,374
1186,1443,375
1189,1190,376
1211,1212,377
1216,1217,378
1223,1255,379
1234,1235,380
1109,1241,381
1230,1255,382
1260,1261,383
1262,1264,384
1225,1263,385
1264,1433,386
1265,1800,387
1178,1266,388
1267,1268,389
1271,1272,390
1272,1635,391
1283,1702,392
1283,1284,393
1288,1290,394
1294,1295,395
1304,1305,396
1306,1307,397
1316,1817,398
1315,1316,399
1319,1320,400
1327,1329,401
1332,1635,402
1064,1332,403
1337,1338,404
1345,1346,405
1354,1355,406
1376,1377,407
1377,1423,408
1382,1398,409
1382,1383,410
1393,1427,411
1394,1405,412
1394,1398,413
1395,1516,414
1396,1397,415
1335,1397,416
1412,1413,417
1415,1417,418
1422,1423,419
1465,1467,420
1466,1467,421
1475,1476,422
1478,1479,423
1480,1481,424
1481,1536,425
565,1482,426
565,1483,427
1510,1511,428
1507,1515,429
1520,1522,430
1531,1534,431
1136,1535,432
1372,1539,433
1372,1540,434
1547,1889,435
1547,1554,436
1551,1932,437
1551,1623,438
1072,1554,439
1567,1569,440
1567,1568,441
1070,1567,442
1579,1986,443
1579,1646,444
1580,1658,445
1327,1580,446
1582,1583,447
1583,1765,448
1593,2049,449
1593,1702,450
1548,1596,451
1598,1599,452
1607,1646,453
1609,1999,454
1609,1971,455
1135,1611,456
1637,1825,457
1637,1739,458
1638,1739,459
1640,2093,460
1640,1912,461
1163,1642,462
1648,1917,463
1225,1648,464
1656,1898,465
1657,1898,466
1672,2014,467
1672,1790,468
1673,1817,469
1676,1707,470
1677,1907,471
1677,1678,472
1682,2038,473
1682,1876,474
1684,1779,475
1688,1689,476
1696,1968,477
1529,1696,478
1698,2032,479
1707,2008,480
1719,1956,481
1555,1721,482
1728,1779,483
1225,1728,484
1738,1739,485
1225,1747,486
1083,1751,487
1645,1752,488
1764,1881,489
1257,1764,490
1769,1841,491
1781,1948,492
1704,1781,493
423,1785,494
1790,1817,495
1792,1794,496
1793,1794,497
1225,1800,498
1807,1848,499
1813,1852,500
1308,1813,501
1825,1915,502
1829,2007,503
1419,1829,504
1285,1836,505
1837,1953,506
1840,1841,507
1844,1982,508
1714,1844,509
1191,1846,510
1343,1861,511
1207,1867,512
1440,1885,513
1777,1887,514
1895,1937,515
1895,1896,516
1907,1942,517
1099,1915,518
1517,1926,519
1937,1938,520
1940,1941,521
1459,1953,522
1146,1956,523
1555,1958,524
1966,1967,525
1970,1971,526
1972,1992,527
1156,1972,528
1974,2011,529
1974,2010,530
1431,1975,531
1492,1985,532
1495,1989,533
1207,1990,534
2006,2011,535
1357,2008,536
1748,2009,537
1497,2011,538
2018,2019,539
1514,2023,540
2025,2026,541
1312,2037,542
1207,2038,543
2045,2046,544
1360,2045,545
2058,2061,546
2058,2060,547
2059,2107,548
1650,2069,549
2072,2167,550
2072,2166,551
1096,2072,552
1161,2093,553
2094,2143,554
1710,2101,555
1934,2117,556
2133,2146,557
1555,2143,558
2147,2148,559
2153,2163,560
2169,2191,561
2160,2170,562
2160,2171,563
2172,2193,564
2173,2193,565
2175,2176,566
2181,2182,567
1346,2181,568
2183,2198,569
1269,2183,570
2186,2199,571
1310,2186,572
2207,2383,573
2221,2230,574
2227,2229,575
2229,2235,576
2235,2361,577
2237,2239,578
2238,2239,579
2240,2314,580
2240,2286,581
2246,2422,582
2246,2316,583
2249,2251,584
2250,2252,585
2250,2253,586
2259,2263,587
2260,2263,588
2261,2263,589
2222,2262,590
2268,2270,591
2268,2271,592
2269,2272,593
2274,2276,594
2275,2276,595
2277,2278,596
2281,2285,597
2292,2316,598
2239,2292,599
2297,2299,600
2298,2299,601
2302,2373,602
2322,2323,603
2322,2324,604
2322,2325,605
2327,2330,606
2337,2339,607
2341,2402,608
2341,2364,609
2361,2363,610
2363,2364,611
2392,2395,612
2398,2400,613
2398,2401,614
2410,2411,615
2422,2423,616
2425,2426,617
2431,2596,618
2432,2817,619
2432,2433,620
2433,2591,621
2434,2662,622
2434,2579,623
2438,2440,624
2439,2440,625
2442,2444,626
2443,2444,627
2451,2452,628
2454,2455,629
2461,2462,630
2462,2591,631
2462,2587,632
2463,2464,633
2467,2718,634
2468,2718,635
2471,2472,636
2480,2556,637
2480,2482,638
2480,2481,639
2481,2592,640
2481,2483,641
2492,2760,642
2496,2764,643
2496,2763,644
2496,2762,645
2491,2496,646
2507,2803,647
2507,2778,648
2507,2623,649
2508,2509,650
2509,2614,651
2509,2520,652
2510,2511,653
2510,2512,654
2513,3230,655
2517,2520,656
2517,2519,657
2517,2518,658
2524,2612,659
2527,3235,660
2536,2537,661
2541,2829,662
2542,2829,663
2542,2584,664
2547,2549,665
2548,2549,666
2565,2893,667
2565,2659,668
2535,2565,669
2567,2568,670
2569,2896,671
2570,2896,672
2570,2667,673
2570,2594,674
2571,2897,675
2572,2899,676
2573,2900,677
2573,2899,678
2573,2594,679
2574,2900,680
2579,2903,681
2579,2587,682
2580,2581,683
2576,2582,684
2583,2584,685
2490,2584,686
2588,2589,687
2590,3252,688
2591,2913,689
2599,2600,690
2601,2934,691
2528,2601,692
2520,2603,693
2611,2641,694
2616,2617,695
2626,2628,696
2627,2628,697
2629,2991,698
2629,2983,699
2631,3273,700
2633,3205,701
2488,2633,702
2632,2635,703
2636,2639,704
2641,2967,705
2641,2966,706
2475,2643,707
2652,3115,708
2609,2652,709
2654,3189,710
2654,3041,711
2657,3156,712
2657,2670,713
2429,2657,714
2659,2668,715
2660,2760,716
2535,2660,717
2664,2669,718
2665,2800,719
2666,2800,720
2667,2789,721
2673,2674,722
2676,2915,723
2677,2678,724
2680,2681,725
2681,2985,726
491,2681,727
2445,2682,728
2440,2683,729
2440,2684,730
2689,3091,731
2690,3092,732
2691,2692,733
2695,3030,734
2695,3023,735
2695,3022,736
2695,2922,737
2453,2695,738
2696,2980,739
2699,2700,740
2435,2699,741
2701,3269,742
2701,2710,743
2705,3104,744
2705,2897,745
2594,2705,746
2663,2706,747
2445,2708,748
2446,2709,749
2465,2713,750
2465,2714,751
2469,2719,752
2730,2732,753
2731,2733,754
2735,2739,755
2736,2828,756
2742,2743,757
2744,2745,758
2747,3082,759
2748,3083,760
2749,3084,761
2750,3085,762
2751,3086,763
2752,3087,764
2753,3088,765
2754,3089,766
2755,3090,767
2725,2756,768
2768,2769,769
2498,2768,770
2770,2771,771
2772,2773,772
2774,3003,773
2501,2776,774
2501,2777,775
2505,2783,776
2787,2788,777
2804,2983,778
2805,2806,779
2808,3169,780
2523,2808,781
2809,2843,782
2575,2813,783
2818,2819,784
2566,2818,785
2822,2823,786
2824,2825,787
2828,2829,788
2830,2835,789
2831,2836,790
2832,2837,791
2833,2834,792
2545,2845,793
2549,2849,794
2551,2854,795
2551,2855,796
2550,2856,797
2550,2857,798
2859,2860,799
2861,2862,800
2863,2864,801
2868,2977,802
2869,3136,803
2870,3137,804
2873,2874,805
2875,2876,806
2871,2877,807
2872,2878,808
2886,2888,809
2887,2889,810
2675,2891,811
2897,2898,812
2898,3024,813
2901,2902,814
2576,2905,815
2576,2906,816
2575,2907,817
2576,2908,818
2910,2911,819
2914,2924,820
2916,3139,821
2916,2966,822
2920,3168,823
2925,2926,824
2927,2930,825
2458,2931,826
2932,3048,827
2843,2941,828
2945,2946,829
2800,2947,830
2800,2948,831
2950,2951,832
491,2950,833
2952,2998,834
2954,2955,835
2961,2962,836
2963,2964,837
2610,2964,838
2971,3133,839
2615,2971,840
2975,2976,841
2980,3055,842
2624,2980,843
2985,2991,844
2985,2986,845
2989,2991,846
2993,3198,847
2939,2995,848
2554,3000,849
2894,3001,850
3002,3003,851
3007,3008,852
3008,3248,853
3014,3015,854
3016,3017,855
2655,3020,856
2841,3026,857
3028,3050,858
3028,3049,859
3032,3102,860
3033,3103,861
2953,3036,862
3038,3042,863
3040,3106,864
3047,3136,865
3047,3074,866
3047,3048,867
2523,3048,868
2923,3052,869
2974,3053,870
3054,3198,871
3006,3057,872
2716,3058,873
2885,3059,874
2729,3063,875
2734,3065,876
2965,3067,877
2703,3068,878
2543,3069,879
3070,3168,880
3070,3085,881
3070,3071,882
3071,3090,883
3071,3074,884
3073,3167,885
3073,3082,886
3073,3074,887
3075,3086,888
3075,3084,889
3075,3076,890
3076,3089,891
3045,3076,892
2784,3077,893
2500,3079,894
2858,3081,895
3083,3102,896
3072,3087,897
3088,3103,898
3091,3102,899
2485,3091,900
3092,3103,901
2485,3092,902
2698,3094,903
2767,3101,904
2816,3107,905
2987,3108,906
2795,3109,907
2797,3111,908
2865,3121,909
3005,3126,910
3137,3138,911
3140,3157,912
2939,3141,913
2816,3143,914
2801,3152,915
3161,3175,916
3163,3198,917
2928,3164,918
2929,3165,919
3010,3166,920
2940,3170,921
2942,3171,922
2498,3173,923
2798,3176,924
2656,3177,925
2826,3178,926
3183,3190,927
3184,3189,928
3185,3188,929
3186,3187,930
2979,3192,931
2979,3193,932
2738,3194,933
3175,3195,934
2843,3196,935
2992,3197,936
2978,3204,937
2447,3207,938
2642,3209,939
2712,3211,940
2644,3213,941
2473,3217,942
3220,3273,943
2484,3220,944
2712,3221,945
2940,3224,946
2494,3225,947
2494,3226,948
2503,3227,949
2503,3228,950
3230,3267,951
2516,3232,952
2522,3234,953
2645,3237,954
2645,3238,955
2646,3240,956
2646,3241,957
2937,3242,958
2560,3243,959
2560,3244,960
2578,3248,961
2578,3249,962
3123,3250,963
2647,3255,964
2648,3256,965
2648,3257,966
2648,3258,967
2648,3259,968
2648,3260,969
2648,3261,970
2649,3262,971
2693,3263,972
3010,3265,973
2501,3272,974
2650,3274,975
2650,3275,976
2853,3279,977
2915,3281,978
3282,3283,979
3286,3287,980
2728,3288,981
3289,3291,982
3290,3292,983
2553,3293,984
3301,3447,985
3304,3469,986
3305,3469,987
3306,3469,988
3307,3468,989
3336,3337,990
3339,3635,991
3340,3644,992
3341,3343,993
3355,3356,994
3364,4510,995
3364,3476,996
3365,4571,997
3365,3580,998
3317,3367,999
3368,3369,1000
3373,4879,1001
3374,3432,1002
3375,3432,1003
3376,3432,1004
3377,3433,1005
3378,3481,1006
3379,4479,1007
3379,3381,1008
3379,3380,1009
3382,4851,1010
3383,3741,1011
3384,3563,1012
3385,3592,1013
3386,4851,1014
3387,3446,1015
3388,4879,1016
3295,3389,1017
3390,3581,1018
3391,3691,1019
3392,3695,1020
3318,3393,1021
3318,3394,1022
3395,3710,1023
3359,3396,1024
3397,3657,1025
3398,3657,1026
3399,3626,1027
3406,3659,1028
3407,3411,1029
3408,3411,1030
3409,3412,1031
3410,3412,1032
3420,3628,1033
3423,3554,1034
3423,3529,1035
3425,3427,1036
3424,3426,1037
3429,3430,1038
3417,3431,1039
3440,3591,1040
3300,3441,1041
3300,3442,1042
3443,3615,1043
3443,3445,1044
3444,3741,1045
3446,3738,1046
3446,3449,1047
3446,3448,1048
3450,3711,1049
3450,3546,1050
3303,3451,1051
3452,3616,1052
3453,3498,1053
3454,3647,1054
3454,3455,1055
3457,3458,1056
3457,3459,1057
3460,3466,1058
3311,3461,1059
3462,3463,1060
3309,3475,1061
3477,3711,1062
3311,3478,1063
3311,3479,1064
3469,3480,1065
3481,3700,1066
3481,3482,1067
3483,3537,1068
3488,3680,1069
3487,3488,1070
3491,3492,1071
3493,3651,1072
3494,3497,1073
3506,3507,1074
3508,3511,1075
3509,3514,1076
3510,3512,1077
3511,3513,1078
3512,3514,1079
3372,3517,1080
3519,3667,1081
3412,3520,1082
3518,3521,1083
3522,3558,1084
3525,3526,1085
3531,3704,1086
3531,3532,1087
3401,3535,1088
3536,3718,1089
3537,3704,1090
3317,3537,1091
3538,3747,1092
3538,3539,1093
3540,3655,1094
3543,3718,1095
3543,3563,1096
3321,3543,1097
3544,4863,1098
3321,3547,1099
3321,3548,1100
3549,3613,1101
3556,3610,1102
3556,3606,1103
3317,3558,1104
3560,3580,1105
3563,3745,1106
3567,3720,1107
3571,3602,1108
3576,3590,1109
3577,3579,1110
3573,3590,1111
3591,3625,1112
3357,3591,1113
3592,3616,1114
3469,3592,1115
3595,3727,1116
3596,3728,1117
3600,3720,1118
3600,3629,1119
3603,3720,1120
3604,3661,1121
3604,3606,1122
3606,3607,1123
3469,3615,1124
3546,3618,1125
3338,3629,1126
3631,3632,1127
3635,3636,1128
3636,3722,1129
3637,3638,1130
3641,3642,1131
3642,3679,1132
3643,4886,1133
3644,4629,1134
3645,3646,1135
3651,3652,1136
3542,3654,1137
3659,3687,1138
3665,3727,1139
3411,3667,1140
3348,3679,1141
3680,3682,1142
3680,3681,1143
3402,3687,1144
3688,3729,1145
3351,3689,1146
3691,3692,1147
3692,3693,1148
3695,3696,1149
3676,3700,1150
3705,3706,1151
3708,3709,1152
3356,3715,1153
3356,3716,1154
3577,3719,1155
3721,3738,1156
3722,3723,1157
3729,3730,1158
3348,3730,1159
3361,3731,1160
3495,3735,1161
3496,3736,1162
3608,3737,1163
3328,3741,1164
3662,3744,1165
3757,3758,1166
3759,3760,1167
3761,3762,1168
3763,3765,1169
3764,3766,1170
3772,3773,1171
3792,3793,1172
3797,3800,1173
3798,3801,1174
3819,3881,1175
3816,3820,1176
3821,3897,1177
3828,3829,1178
3835,3836,1179
3784,3842,1180
3847,3848,1181
3853,3854,1182
3859,3860,1183
3870,3871,1184
3881,3926,1185
3787,3887,1186
3818,3890,1187
3787,3897,1188
3900,3901,1189
3924,3925,1190
3763,3927,1191
3874,3930,1192
3797,3935,1193
3799,3940,1194
3799,3941,1195
3799,3942,1196
3943,3944,1197
3810,3946,1198
3764,3947,1199
3948,3974,1200
3953,4041,1201
3965,3966,1202
3968,3970,1203
3969,3970,1204
3975,4079,1205
3977,3980,1206
3978,3980,1207
3987,4079,1208
3986,3987,1209
3958,3990,1210
3994,4034,1211
4012,4018,1212
3960,4012,1213
3993,4014,1214
4020,4021,1215
3993,4022,1216
3980,4028,1217
4030,4033,1218
4042,4043,1219
4042,4044,1220
4045,4046,1221
4055,4056,1222
3956,4056,1223
4061,4072,1224
4073,4074,1225
3972,4073,1226
4074,4077,1227
4074,4076,1228
4074,4075,1229
4078,4079,1230
4082,4087,1231
4083,4085,1232
4084,4085,1233
4086,4087,1234
4089,4300,1235
4089,4090,1236
4092,4093,1237
4095,4280,1238
4095,4153,1239
4096,4106,1240
4097,4107,1241
4099,4284,1242
4099,4283,1243
4099,4282,1244
4099,4148,1245
4101,4261,1246
4101,4245,1247
4101,4242,1248
4101,4102,1249
4104,4226,1250
4104,4153,1251
4104,4105,1252
4108,4185,1253
4107,4108,1254
4109,4110,1255
4107,4110,1256
4093,4117,1257
4118,4241,1258
4118,4240,1259
4118,4119,1260
4123,4125,1261
4124,4125,1262
4119,4125,1263
4126,4129,1264
4127,4129,1265
4128,4253,1266
4128,4129,1267
4131,4132,1268
4132,4197,1269
4135,4136,1270
4138,4260,1271
4138,4239,1272
4138,4158,1273
4138,4139,1274
4140,4176,1275
4140,4152,1276
4141,4144,1277
4142,4144,1278
4143,4144,1279
4122,4144,1280
4154,4254,1281
4154,4155,1282
4156,4259,1283
4156,4250,1284
4156,4243,1285
4156,4157,1286
4158,4234,1287
4158,4230,1288
4158,4229,1289
4158,4224,1290
4162,4252,1291
4162,4163,1292
4166,4290,1293
4166,4289,1294
4153,4166,1295
4168,4197,1296
4168,4170,1297
4168,4169,1298
4171,4172,1299
4176,4281,1300
4176,4177,1301
4178,4180,1302
4179,4180,1303
4182,4299,1304
4182,4298,1305
4182,4297,1306
4182,4296,1307
4182,4211,1308
4167,4182,1309
4183,4227,1310
4183,4184,1311
4181,4183,1312
4185,4186,1313
4191,4194,1314
4192,4194,1315
4193,4194,1316
4196,4267,1317
4196,4258,1318
4196,4255,1319
4196,4197,1320
4198,4200,1321
4199,4200,1322
4098,4201,1323
4204,4263,1324
4204,4262,1325
4204,4257,1326
4204,4237,1327
4204,4236,1328
4188,4204,1329
4206,4219,1330
4210,4313,1331
4210,4312,1332
4210,4311,1333
4210,4310,1334
4210,4309,1335
4152,4210,1336
4211,4317,1337
4211,4316,1338
4211,4315,1339
4211,4314,1340
4221,4222,1341
4225,4276,1342
4225,4275,1343
4225,4274,1344
4225,4273,1345
4225,4272,1346
4225,4271,1347
4139,4225,1348
4159,4231,1349
4159,4232,1350
4159,4233,1351
4194,4235,1352
4238,4244,1353
4111,4244,1354
4098,4246,1355
4247,4249,1356
4247,4248,1357
4098,4247,1358
4251,4266,1359
4256,4265,1360
4264,4265,1361
4215,4265,1362
2622,4266,1363
4088,4268,1364
4112,4269,1365
4161,4270,1366
4277,4280,1367
4278,4280,1368
4279,4280,1369
4280,4292,1370
4285,4323,1371
4285,4322,1372
4189,4285,1373
4205,4287,1374
4205,4288,1375
4181,4291,1376
4292,4295,1377
4292,4294,1378
4292,4293,1379
4300,4320,1380
4300,4319,1381
4187,4301,1382
4302,4304,1383
4302,4303,1384
4219,4302,1385
4203,4305,1386
4103,4307,1387
4306,4308,1388
4115,4321,1389
4130,4324,1390
4130,4325,1391
4149,4326,1392
4150,4327,1393
4331,4402,1394
4335,4336,1395
4339,4343,1396
4340,4341,1397
4349,4418,1398
4350,4403,1399
4351,4352,1400
4357,4358,1401
4367,4368,1402
4379,4416,1403
4380,4381,1404
4328,4388,1405
4360,4389,1406
4390,4392,1407
4391,4392,1408
4394,4396,1409
4395,4397,1410
4405,4415,1411
4421,4422,1412
4423,4433,1413
4423,4425,1414
239,4424,1415
354,4426,1416
4427,4431,1417
355,4427,1418
4428,4444,1419
4428,4430,1420
4432,4434,1421
4433,4436,1422
4435,4436,1423
4439,4440,1424
4441,4442,1425
4443,4444,1426
4448,4449,1427
4450,4463,1428
4451,4463,1429
4452,4455,1430
4453,4455,1431
4454,4456,1432
4455,4459,1433
4456,4459,1434
4456,4457,1435
4461,4462,1436
4459,4464,1437
4459,4465,1438
4459,4466,1439
4459,4467,1440
4472,4591,1441
4472,4476,1442
4473,4672,1443
4476,4560,1444
4499,4501,1445
4499,4500,1446
4500,4675,1447
4503,4504,1448
4514,4515,1449
4521,4522,1450
4527,4805,1451
4527,4804,1452
4470,4527,1453
4528,4529,1454
4540,4810,1455
4540,4809,1456
4540,4764,1457
4545,4580,1458
4549,4639,1459
4549,4550,1460
4550,4649,1461
4550,4577,1462
4559,4701,1463
4567,4764,1464
4567,4568,1465
4573,4574,1466
4579,4723,1467
4492,4581,1468
4584,4624,1469
4584,4623,1470
4586,4588,1471
4592,4724,1472
4592,4666,1473
4594,4612,1474
4575,4595,1475
4575,4596,1476
4600,4821,1477
3332,4604,1478
4605,4606,1479
4610,4774,1480
4610,4687,1481
4563,4613,1482
4535,4619,1483
4620,4626,1484
4630,4654,1485
4593,4636,1486
4638,4643,1487
4646,4669,1488
4642,4646,1489
4648,4675,1490
4532,4651,1491
4654,4655,1492
4664,4665,1493
4555,4667,1494
4672,4675,1495
4674,4824,1496
4535,4674,1497
4681,4827,1498
4682,4826,1499
4682,4772,1500
4683,4684,1501
4693,4695,1502
4694,4696,1503
4513,4697,1504
4698,4819,1505
4698,4700,1506
4699,4700,1507
4521,4700,1508
4555,4702,1509
4709,4753,1510
4756,4813,1511
4756,4759,1512
4722,4756,1513
4727,4757,1514
4734,4758,1515
4761,4762,1516
4762,4778,1517
4571,4762,1518
4763,4769,1519
4501,4765,1520
4501,4766,1521
4471,4767,1522
4523,4769,1523
4770,4771,1524
4768,4770,1525
4483,4773,1526
4728,4775,1527
4728,4776,1528
4621,4777,1529
4519,4779,1530
4780,4781,1531
4668,4780,1532
4781,4825,1533
4692,4782,1534
4784,4785,1535
4786,4787,1536
4627,4787,1537
4788,4795,1538
4541,4790,1539
4791,4792,1540
4617,4792,1541
4794,4795,1542
4793,4796,1543
4470,4797,1544
4494,4798,1545
4799,4823,1546
4498,4799,1547
4521,4801,1548
4521,4802,1549
4521,4803,1550
4539,4806,1551
4539,4807,1552
4539,4808,1553
4811,4824,1554
4562,4812,1555
4565,4814,1556
4565,4815,1557
4565,4816,1558
4817,4818,1559
4542,4817,1560
4820,4821,1561
4641,4822,1562
4836,4837,1563
4841,4843,1564
4841,4844,1565
4842,4845,1566
4847,4849,1567
4854,4855,1568
4858,4860,1569
4859,4861,1570
4868,4869,1571
4868,4870,1572
4896,4926,1573
4912,4922,1574
4913,4924,1575
4881,4916,1576
4835,4917,1577
4909,4920,1578
4879,4921,1579
4902,4922,1580
4930,4939,1581
4929,4930,1582
4931,4938,1583
4931,4932,1584
4933,4936,1585
4933,4935,1586
4936,4938,1587
4937,4939,1588
1588,1868,1589
1588,1589,1590
1590,2151,1591
1590,2001,1592
1590,1680,1593
1590,1600,1594
1591,1855,1595
1591,1717,1596
1592,1931,1597
1592,1623,1598
3790,3896,1599
3788,3790,1600
3764,3790,1601
1577,1594,1602
1379,1594,1603
1512,1595,1604
1225,1595,1605
3791,3938,1606
3781,3791,1607
1597,2039,1608
1597,1961,1609
4523,4621,1610
4523,4555,1611
4505,4523,1612
1599,1687,1613
1456,1599,1614
1601,2099,1616
1601,2098,1617
1601,1923,1618
1601,1602,1619
1602,1973,1620
1602,1839,1621
1603,2152,1622
1603,2131,1623
1603,2002,1624
1604,1687,1625
1116,1604,1626
1605,1824,1627
1605,1774,1628
1605,1649,1629
1606,1821,1630
1606,2044,1630
1821,2044,1630
1606,1700,1631
1133,1606,1632
3793,3823,1633
3776,3793,1634
3776,3923,1634
3793,3923,1634
3759,3793,1635
3758,3793,1636
1608,1774,1637
1608,1675,1638
3794,3905,1639
3794,3795,1640
3752,3794,1641
3751,3794,1642
1610,2149,1643
1610,2066,1644
1610,1726,1645
1134,1610,1646
3795,3796,1647
1612,1761,1648
1544,1612,1649
1613,1782,1650
1613,1628,1651
1613,1614,1652
1614,1848,1653
1615,2158,1654
1615,1955,1655
1615,1655,1656
1616,1660,1657
1072,1616,1658
1617,2003,1659
1617,1835,1660
1618,1621,1661
1618,1701,1661
1621,1701,1661
1619,1903,1662
1571,1619,1663
1620,1883,1664
1141,1620,1665
1141,1621,1666
1622,1949,1667
1492,1622,1668
1623,1693,1669
1623,1624,1670
1144,1623,1671
1624,2116,1672
1624,2100,1673
1624,2015,1674
1624,1663,1675
1368,1625,1676
1088,1625,1677
1626,2005,1678
1064,1626,1679
1627,2004,1680
1273,1627,1681
1628,1665,1682
1629,1810,1683
1629,1664,1684
1349,1630,1685
1297,1630,1686
1631,1730,1687
1091,1631,1688
1578,1632,1689
1334,1632,1690
1525,1633,1691
1390,1633,1692
1634,1965,1693
1634,1849,1694
1634,1814,1695
3796,3803,1696
3774,3796,1697
1636,1704,1698
1636,1668,1699
3797,3888,1700
3797,3855,1703
3797,3798,1704
3798,3938,1705
3785,3798,1706
3778,3798,1707
3777,3798,1708
3775,3798,1709
1639,1931,1710
1548,1639,1711
3782,3786,1712
3782,3799,1712
3786,3799,1712
1641,1805,1713
1641,1767,1714
4524,4655,1715
4524,4546,1716
1643,1805,1717
1643,1690,1718
1644,2068,1719
1644,1700,1720
1645,2036,1721
1645,1910,1722
1543,1645,1723
4525,4660,1724
4525,4580,1725
1647,1865,1726
1167,1647,1727
3802,3919,1728
3782,3802,1729
3767,3802,1730
1649,1808,1731
1650,1955,1732
1650,1753,1733
1174,1650,1734
1651,2016,1735
1651,1789,1736
1652,1798,1737
1652,1796,1738
1653,1880,1739
1653,1760,1740
1654,2040,1741
1654,2039,1742
1654,1791,1743
1654,1743,1744
1555,1654,1745
1655,1884,1746
1655,1753,1747
3803,3945,1748
3803,3937,1749
3803,3805,1750
3803,3929,1750
3805,3929,1750
3803,3804,1751
3804,4200,1752
3804,3939,1753
3753,3805,1754
1659,1787,1755
1659,1772,1756
1660,1827,1757
1661,1893,1758
1661,1828,1759
1662,1851,1760
1662,1821,1761
1662,1663,1762
1663,2068,1763
1663,1723,1764
1338,1664,1765
1665,2164,1766
1666,1916,1767
1666,1863,1768
1667,1668,1769
1106,1667,1770
1669,1891,1771
1669,1809,1772
1670,1755,1773
1670,1671,1774
1671,1686,1775
1555,1671,1776
3806,3864,1777
3806,3865,1777
3864,3865,1777
3807,3839,1778
3807,3808,1779
1674,1688,1780
1674,1898,1780
1688,1898,1780
1675,1801,1781
3808,3902,1782
3808,3845,1783
3809,3895,1784
3809,3876,1785
1334,1678,1786
1099,1678,1787
1246,1679,1788
1195,1679,1789
1210,1680,1790
1681,1804,1791
1681,1735,1792
3810,3931,1793
3810,3858,1794
3776,3810,1795
3776,3922,1795
3810,3922,1795
1683,1930,1796
1683,1835,1797
3811,3822,1798
3811,3812,1799
1285,1685,1800
1159,1685,1801
1686,1916,1802
1686,1879,1803
1686,1787,1804
1576,1686,1805
1573,1686,1806
1688,2168,1807
1219,1688,1808
3812,3865,1809
3812,3832,1810
1690,1715,1811
1564,1690,1812
1564,1858,1812
1690,1858,1812
1220,1690,1813
1691,2098,1814
1691,1862,1815
1691,1692,1816
1584,1692,1817
1584,1919,1817
1692,1919,1817
1693,1870,1818
1694,1908,1819
1694,1859,1820
1695,1732,1821
1529,1695,1822
3813,3899,1823
3813,3844,1824
3813,3814,1825
1697,1827,1826
1150,1697,1827
3814,3839,1828
1699,1983,1829
1699,1777,1830
1700,1777,1831
3815,3909,1832
3815,3832,1833
1703,2168,1834
1703,2004,1835
1587,1703,1836
1704,1842,1837
1705,1977,1838
1705,1725,1839
1706,1854,1840
1207,1706,1841
3816,3850,1842
3816,3822,1843
1708,2020,1844
1708,1830,1845
1709,1796,1846
1548,1709,1847
1710,1871,1848
1710,1798,1849
1227,1710,1850
1711,1831,1851
1493,1711,1852
1712,1922,1853
1712,1897,1854
1713,1905,1855
1558,1713,1856
1714,2195,1857
1099,1714,1858
1715,1740,1859
1716,2112,1860
1716,1962,1861
1717,1922,1862
1717,1890,1863
1718,2137,1864
1105,1718,1865
3817,3818,1866
3780,3817,1867
1720,1850,1868
1360,1720,1869
3818,3891,1870
1722,1931,1871
1722,1723,1872
1586,1722,1873
1724,1976,1874
1236,1724,1875
1725,1796,1876
1726,2081,1877
1726,1946,1878
1243,1726,1879
1727,1978,1880
1727,1756,1881
1243,1727,1882
4526,4760,1883
4526,4687,1884
1572,1729,1885
1083,1729,1886
1730,1998,1887
1731,1914,1888
1154,1731,1889
1099,1732,1890
1733,2131,1891
1733,2118,1892
1733,2114,1893
1734,2053,1894
1548,1734,1895
1735,2052,1896
1735,1803,1897
1735,1759,1898
1359,1736,1899
1182,1736,1900
1514,1737,1901
1158,1737,1902
4892,4894,1903
4874,4892,1904
4893,4894,1905
4852,4893,1906
1740,1786,1907
1573,1741,1908
1555,1741,1909
1742,1794,1910
1742,2026,1910
1794,2026,1910
1742,1744,1911
1743,2163,1912
1743,1744,1913
1745,1871,1914
1548,1745,1915
1586,1746,1916
1566,1746,1917
1748,2184,1918
1748,1905,1919
1748,1749,1920
1469,1749,1921
1750,1886,1922
1750,1823,1923
1158,1750,1924
3823,3882,1925
3823,3824,1926
3824,3914,1927
3824,3913,1928
3824,3894,1929
1753,2158,1930
1754,1866,1931
1105,1754,1932
1755,1834,1933
1755,1791,1934
1756,2081,1935
1756,1757,1936
1757,2088,1937
1758,1910,1938
1758,1883,1939
1758,1848,1940
1759,1783,1941
1760,1783,1942
1761,1899,1943
1761,2089,1943
1899,2089,1943
1492,1761,1944
1762,2000,1945
1347,1762,1946
1529,1763,1947
1256,1763,1948
3825,3843,1949
3825,3826,1950
3826,3904,1951
3772,3826,1952
1766,2043,1953
1359,1766,1954
1767,1768,1955
1220,1768,1956
3827,3919,1957
3827,3909,1958
3827,3864,1959
1770,2033,1960
1770,1834,1961
1213,1771,1962
1159,1771,1963
1772,1900,1964
1773,2053,1965
1773,1879,1966
1215,1775,1967
1156,1775,1968
1361,1776,1969
1361,1951,1969
1776,1951,1969
1777,1963,1970
1777,1870,1971
1269,1777,1972
1778,1850,1973
1166,1778,1974
3828,3945,1975
3828,3857,1976
1780,1849,1977
1552,1780,1978
4529,4677,1979
4529,4546,1980
1561,1782,1981
1783,2012,1982
1550,1783,1983
1784,1901,1984
1438,1784,1985
1786,1911,1989
1787,2042,1990
1787,1908,1991
1281,1787,1992
1788,1897,1993
1564,1788,1994
1789,1960,1995
3831,3833,1996
3832,3850,1997
3833,3834,1998
1795,1797,1999
1209,1442,2000
1209,1795,2000
1442,1795,2000
1796,1977,2001
1796,1797,2002
1409,1799,2003
1256,1799,2004
3834,3920,2005
1801,1808,2006
1287,1801,2007
1802,1997,2008
1289,1802,2009
1803,2002,2010
1292,1804,2011
1299,1300,2012
1299,1806,2012
1300,1806,2012
3835,3880,2013
3835,3864,2014
3835,3856,2015
3835,3851,2016
1808,2164,2017
1301,1808,2018
1809,1840,2019
1064,1810,2020
1238,1811,2021
1107,1811,2022
1441,1812,2023
1439,1812,2024
4530,4768,2025
4489,4530,2026
1814,2012,2027
1815,1921,2028
1310,1815,2029
1816,2032,2030
1816,2024,2031
3837,3919,2032
3837,3908,2033
3784,3837,2034
1818,2150,2035
1818,2151,2035
2150,2151,2035
1317,1818,2036
1516,1819,2037
1507,1819,2038
1562,1820,2039
1318,1820,2040
1822,1924,2041
1327,1822,2042
1326,1823,2043
1824,1965,2044
1121,1826,2045
1119,1826,2046
3839,3907,2048
3839,3863,2049
3839,3845,2050
3839,3841,2051
3839,3840,2052
3769,3839,2053
3768,3839,2054
3767,3839,2055
1830,2035,2056
1131,1831,2057
1832,2156,2058
1832,1839,2059
1339,1832,2060
1833,1931,2061
1545,1833,2062
3840,3924,2063
3841,3844,2064
1838,2050,2065
1115,1838,2066
1839,2100,2067
1555,1840,2068
4531,4688,2069
4486,4531,2070
1556,1842,2071
1843,2123,2072
1843,2080,2073
1843,2071,2074
1348,1843,2075
3784,3843,2076
1845,2157,2077
1416,1523,2078
1416,1845,2078
1523,1845,2078
3844,3845,2079
1847,1884,2080
1558,1847,2081
1851,2120,2082
1851,2119,2083
1401,1853,2084
1067,1853,2085
1166,1854,2086
1855,1890,2087
1859,2024,2091
1860,1993,2092
1354,1860,2093
3846,3874,2094
3846,3873,2095
1862,2099,2096
1863,2040,2097
1864,1934,2098
1128,1864,2099
1362,1865,2100
1165,1866,2101
4532,4612,2102
4532,4543,2103
1360,1868,2104
1869,1918,2105
1869,2000,2105
1918,2000,2105
1870,2107,2106
1872,2068,2107
1872,1874,2108
1872,1873,2109
1873,2130,2110
1874,2129,2111
1416,1875,2112
1143,1875,2113
3848,3860,2114
3772,3848,2115
1877,2142,2116
1509,1877,2117
1500,1878,2118
1107,1878,2119
1880,1994,2120
1572,1882,2123
1326,1882,2124
1884,1955,2125
1886,2048,2126
1886,1925,2127
3851,3852,2128
1888,2158,2129
1888,2146,2130
3852,3864,2131
3780,3852,2132
1555,1891,2133
1512,1892,2134
1200,1892,2135
1201,1893,2136
1894,2031,2137
1894,1918,2138
1381,1894,2139
4533,4652,2140
4533,4827,2140
4652,4827,2140
4533,4597,2141
1386,1896,2142
1385,1896,2143
1898,1951,2144
1900,1961,2145
1900,1959,2146
1901,1902,2147
1067,1902,2148
1236,1903,2149
1904,1991,2150
1369,1904,2151
1159,1906,2152
1076,1906,2153
3854,3862,2154
3854,3857,2155
1909,2063,2156
1467,1909,2157
1911,1979,2158
3855,3889,2159
1315,1913,2160
1220,1913,2161
1249,1914,2162
3856,3913,2163
3780,3856,2164
1496,1920,2165
1364,1920,2166
1417,1921,2167
1418,1922,2168
1923,2152,2169
1923,2120,2170
1420,1924,2171
1425,1925,2172
3787,3858,2173
1927,1941,2174
1527,1927,2175
1928,2081,2176
1928,1978,2177
1929,2178,2178
1929,2004,2179
1273,1587,2180
1273,1929,2180
1587,1929,2180
1930,1939,2181
1361,1930,2182
1931,2197,2183
1435,1931,2184
4534,4548,2185
4487,4534,2186
1933,1945,2187
1115,1933,2188
1934,1945,2189
1934,1936,2190
1934,1935,2191
1290,1935,2192
1438,1936,2193
3860,3869,2194
3861,3903,2195
3861,3904,2195
3903,3904,2195
1543,1939,2196
3862,3915,2197
1941,2028,2198
3863,3902,2199
1131,1943,2200
1082,1943,2201
1944,2031,2202
1944,2000,2203
1946,2149,2204
1946,2115,2205
1946,2099,2206
1946,2090,2207
1947,2034,2208
1576,1947,2209
3864,3908,2210
3775,3864,2211
1106,1949,2212
1525,1950,2213
1187,1950,2214
1565,1951,2215
1954,2188,2217
1954,2187,2218
1954,2144,2219
1954,2138,2220
1954,2141,2220
2138,2141,2220
1954,2057,2221
1464,1954,2222
1469,1955,2223
3866,3867,2224
3866,3905,2224
3867,3905,2224
1161,1957,2225
1121,1957,2226
3867,3907,2227
1959,2039,2228
1091,1960,2229
1962,2118,2230
1962,2030,2231
1963,2030,2232
1963,1965,2233
1963,1964,2234
1420,1964,2235
1966,2035,2236
1966,2020,2237
3868,3873,2238
3868,3896,2238
3873,3896,2238
3784,3869,2239
1969,2127,2240
1969,1984,2241
1116,1970,2242
1068,1970,2243
4535,4723,2244
4535,4542,2245
4535,4536,2246
3783,3871,2247
3782,3871,2248
1973,2134,2249
3872,3917,2250
3872,3916,2251
3780,3872,2252
3873,3912,2253
1369,1976,2254
1978,2052,2255
1979,2176,2256
1979,1980,2257
1524,1980,2258
1511,1981,2259
1409,1981,2260
3874,3875,2261
1983,1987,2262
1409,1984,2263
3875,3904,2264
3875,3896,2265
1986,2162,2266
1986,2079,2267
1493,1987,2268
1581,1988,2269
1443,1988,2270
3876,3893,2271
3876,3879,2272
1991,2027,2273
1258,1993,2274
1994,1996,2275
1994,1995,2276
1552,1994,2277
1500,1995,2278
1292,1995,2279
1500,1996,2280
1243,1996,2281
1997,2050,2282
1338,1998,2283
3879,3905,2284
2000,2027,2285
1503,2000,2286
2002,2115,2287
1061,2003,2288
2005,2076,2289
3784,3880,2290
4508,4536,2291
2249,4536,2292
3882,3917,2293
3882,3883,2294
3883,3918,2295
3884,3911,2296
3759,3884,2297
3885,3886,2298
3885,3905,2298
3886,3905,2298
3886,3915,2299
2015,2128,2300
1166,2016,2301
1426,2017,2302
1334,2017,2303
1352,2018,2304
1091,2018,2305
4537,4632,2306
2249,4537,2307
2020,2021,2308
1512,2020,2309
1513,2021,2311
1379,2022,2312
1125,2022,2313
3888,3891,2314
3888,3889,2315
3889,3910,2316
1517,2028,2317
2029,2061,2318
1072,2029,2319
2032,2176,2320
1524,2032,2321
2033,2042,2322
2033,2034,2323
1061,2036,2324
4538,4867,2325
4538,4862,2326
4538,4687,2327
4538,4568,2328
3891,3910,2329
2039,2079,2330
2040,2041,2331
1546,2041,2332
1475,2043,2333
3892,3903,2334
3787,3892,2335
3893,3939,2336
3894,3916,2337
3780,3894,2338
1479,2051,2339
1187,2051,2340
2054,2197,2341
1574,2054,2342
2055,2152,2343
2055,2120,2344
2055,2090,2345
2056,2108,2346
2056,2082,2347
2057,2085,2348
3895,3905,2349
3896,3920,2350
3789,3896,2351
4539,4772,2352
4539,4598,2353
1308,2061,2354
2062,2108,2355
1105,2062,2356
1101,2063,2357
2064,2125,2358
1148,2064,2359
2065,2126,2360
1148,2065,2361
2066,2098,2362
2067,2188,2363
2067,2187,2364
2067,2141,2365
3898,3934,2366
3898,3924,2367
3898,3899,2368
1429,2070,2369
1067,2070,2370
2071,2102,2371
3899,3919,2372
2073,2074,2373
1461,2073,2374
2074,2109,2375
2074,2102,2376
2075,2102,2377
1461,2075,2378
1187,2076,2379
1531,2077,2380
1211,2077,2381
2078,2192,2382
1447,2078,2383
2080,2096,2384
1461,2082,2385
2083,2138,2386
2083,2086,2387
2083,2084,2388
2084,2095,2389
2084,2085,2390
2085,2086,2391
2086,2144,2392
1479,2087,2393
1206,2087,2394
1584,2088,2395
2090,2130,2396
2091,2145,2397
2091,2135,2398
2092,2191,2399
1096,2092,2400
4894,4895,2401
4872,4894,2402
69,4894,2403
2095,2108,2404
1461,2096,2405
2097,2191,2406
1387,2097,2407
1094,2097,2408
1094,2136,2408
2097,2136,2408
1324,2098,2409
1324,2099,2410
1575,2100,2411
3902,3926,2412
2102,2123,2413
2103,2156,2414
2103,2147,2415
2103,2128,2416
2104,2158,2417
2104,2146,2418
2105,2110,2419
1379,2105,2420
2106,2108,2421
1461,2106,2422
2107,2155,2423
1461,2109,2424
1097,2110,2425
2111,2114,2426
1550,2111,2427
2112,2164,2428
2113,2165,2429
1471,2113,2430
1411,2114,2431
2115,2152,2432
1575,2116,2433
2119,2152,2434
1452,2119,2435
1452,2120,2436
2122,2138,2439
1105,2122,2440
2124,2135,2441
1461,2124,2442
1462,2125,2443
1462,2126,2444
1529,2127,2445
2129,2154,2446
1473,2129,2447
1473,2130,2448
2131,2154,2449
2132,2146,2450
1474,2132,2451
3904,3928,2452
2134,2155,2453
2134,2147,2454
2137,2157,2455
1490,2139,2456
1468,2139,2457
1310,2139,2458
1490,2140,2459
1358,2140,2460
1310,2140,2461
1102,2140,2462
1286,2142,2463
3905,3906,2464
1461,2145,2465
3786,3906,2466
3786,4200,2466
3906,4200,2466
1322,2157,2467
1485,2158,2468
1096,1387,2471
1096,2160,2471
1387,2160,2471
2161,2163,2472
2161,2162,2473
1182,2165,2474
3909,3926,2475
3911,3918,2476
3912,3919,2477
3914,3923,2478
1531,2174,2479
1472,2174,2480
1537,2177,2481
1101,2177,2482
2178,2179,2483
2179,2184,2484
1490,2180,2485
1101,2180,2486
3917,3918,2487
1165,1436,2488
1165,2185,2488
1436,2185,2488
3919,3934,2489
1472,2189,2490
1469,2189,2491
1353,2190,2492
1165,2190,2493
1312,2192,2494
1312,2193,2494
2192,2193,2494
1528,2194,2495
1414,2194,2496
1225,2195,2497
1448,2196,2498
1118,2196,2499
2200,2205,2500
2200,2201,2501
2201,2202,2502
2202,2204,2503
2203,2205,2504
1507,2203,2505
1278,2204,2506
2206,2212,2507
2206,2211,2508
2208,2214,2509
803,2208,2510
2209,2391,2511
2209,2245,2512
2210,4744,2513
2210,2413,2514
2211,2213,2515
2212,2213,2516
2213,2283,2517
2213,2214,2518
396,2214,2519
2215,4898,2520
2215,2397,2521
2216,2412,2522
2216,2358,2523
2217,2388,2524
2217,2371,2525
2218,2346,2526
2218,2289,2527
2219,2348,2528
2219,2347,2529
2222,2377,2535
2222,2404,2535
2377,2404,2535
2222,2403,2536
2223,2419,2538
2223,2225,2539
2223,2322,2539
2225,2322,2539
394,2224,2542
2225,2351,2543
2226,2405,2544
2226,2315,2545
2228,2360,2546
2228,2231,2547
4541,4589,2548
4485,4541,2549
2231,2264,2550
2232,2358,2551
2232,2348,2552
2232,2318,2553
397,2232,2554
2234,2410,2555
2234,2362,2556
2234,2306,2557
2236,2313,2560
4542,4652,2563
2239,2397,2564
2239,2369,2565
2241,2367,2566
2241,2326,2567
2242,4632,2568
2242,4508,2569
2242,2243,2570
2243,2356,2571
2243,2311,2572
2243,2250,2573
2244,2336,2574
2244,2326,2575
4543,4676,2576
4543,4800,2576
4676,4800,2576
4509,4543,2577
2247,2421,2578
2247,2309,2579
2247,2389,2579
2309,2389,2579
2248,2387,2580
2248,2257,2581
2249,2250,2582
2250,4574,2583
2250,4653,2583
4574,4653,2583
2250,2413,2584
2250,2371,2585
2250,2254,2586
3758,3931,2587
3758,3932,2587
3931,3932,2587
3763,3933,2588
3750,3933,2589
2254,2312,2590
2255,2380,2591
2255,2282,2592
2256,2328,2593
2256,2293,2594
2257,2304,2595
2258,2408,2596
2258,2283,2597
4544,4663,2598
4493,4544,2599
3763,3789,2600
3763,3936,2600
3789,3936,2600
3753,3937,2601
2263,2365,2602
2264,2358,2603
2264,2307,2604
2265,2287,2605
2265,2283,2606
2266,4855,2607
2266,2307,2608
2267,2415,2609
2267,2273,2610
2268,2334,2611
2268,2382,2611
2334,2382,2611
2268,2269,2612
2269,2417,2613
2269,2383,2614
3767,3939,2615
1031,4895,2616
2273,2335,2617
2275,2408,2618
2275,2373,2619
4547,4701,2620
4507,4547,2621
2277,2390,2622
2277,2291,2623
4498,4548,2624
4498,4607,2624
4548,4607,2624
2279,2372,2625
2279,2321,2626
2280,2415,2627
2280,2362,2628
3779,3944,2629
3769,3944,2630
2282,2337,2631
2282,2283,2632
2283,2376,2633
2283,2373,2634
2283,2305,2635
2283,2303,2636
2283,2284,2637
2283,2285,2637
2284,2285,2637
390,2283,2638
397,421,2639
397,2284,2639
421,2284,2639
2286,2332,2640
2286,2393,2640
2332,2393,2640
2286,2287,2641
2288,2388,2642
2288,2335,2643
2289,2317,2644
2290,2342,2645
2290,2383,2645
2342,2383,2645
2291,2369,2646
2291,2378,2646
2369,2378,2646
2291,2293,2647
2294,2368,2648
2294,2349,2649
2295,2383,2650
2295,2333,2651
4900,4926,2652
4868,4926,2653
4897,4927,2654
4834,4897,2655
2299,2344,2656
2300,2301,2657
2300,2408,2657
2301,2408,2657
4551,4625,2658
4487,4551,2659
2303,2355,2660
2304,2409,2661
2304,2349,2662
2305,2355,2663
791,2305,2664
2306,2311,2665
2308,2331,2666
387,2308,2667
2309,2416,2668
2310,2389,2669
2312,2347,2670
2313,4838,2671
2313,2365,2672
521,2313,2673
3949,4013,2674
3949,3979,2675
3949,3957,2676
2315,2360,2677
2315,2322,2678
3950,3999,2679
3950,3951,2680
2317,2318,2681
2318,2371,2682
2319,2333,2683
2319,2328,2684
2320,2367,2685
2320,2322,2686
2321,2322,2687
2322,2394,2688
3951,3976,2689
3952,3981,2690
3952,3976,2691
4552,4587,2692
4552,4585,2693
2326,2407,2694
2326,2359,2695
3954,3984,2696
3954,4001,2696
3984,4001,2696
2328,2421,2697
2328,2381,2698
2328,2353,2699
2328,2329,2700
2328,2330,2700
2329,2330,2700
2331,2406,2701
2333,2390,2702
2336,2372,2703
2336,2350,2704
2337,2375,2705
2337,2368,2706
2338,2405,2707
2338,2358,2708
3955,4063,2709
3955,3996,2710
3955,3967,2711
3955,4065,2711
3967,4065,2711
2340,2420,2712
2340,2389,2713
3956,4057,2714
3956,3970,2715
2343,4036,2716
2343,2364,2717
2344,2345,2718
70,2345,2719
2346,2347,2720
2350,2407,2721
2350,2351,2722
2352,2365,2723
841,2352,2724
2353,2389,2725
2354,2389,2726
2354,2383,2727
2355,2373,2728
2356,4635,2729
2356,2412,2730
2356,2388,2731
2357,2403,2732
2357,2377,2733
2359,2372,2734
3957,3964,2735
3957,3958,2736
3958,4032,2737
3958,4009,2738
3958,3980,2739
3958,3966,2740
2364,2366,2741
2364,2365,2742
2366,4860,2743
2369,2390,2744
2369,2370,2745
2375,2379,2746
2375,2376,2747
2379,2387,2748
2379,2380,2749
2381,2389,2750
2382,2383,2751
2383,2420,2752
2383,2399,2753
2383,2396,2754
2383,2386,2755
2383,2385,2756
2383,2384,2757
2385,2419,2758
2386,2419,2759
2387,2409,2760
2388,4661,2761
2391,2396,2762
3959,4017,2763
3959,4000,2764
3959,3960,2765
2393,2406,2766
2393,2394,2767
2393,2395,2767
2394,2395,2767
396,2394,2768
2397,4850,2769
2398,2399,2770
3960,4009,2771
3960,3998,2772
3960,3980,2773
3961,4035,2774
3961,4024,2775
3961,3963,2776
3962,4046,2777
3962,3963,2778
2410,4750,2779
2410,4650,2780
2410,4754,2780
4650,4754,2780
2410,4633,2781
2410,4553,2782
3963,4048,2783
3963,4005,2784
2414,2415,2785
753,2414,2786
2415,4696,2787
754,2415,2788
2416,2417,2789
791,2418,2790
778,2418,2791
3964,4000,2792
4553,4720,2793
4553,4653,2794
4553,4628,2795
2424,4564,2796
2424,4492,2797
3966,4003,2798
2426,2520,2799
2426,2460,2800
1357,1358,2801
1153,1358,2802
1207,1360,2803
1361,1364,2804
1361,1362,2805
1362,1488,2806
1362,1451,2807
1362,1445,2808
1362,1363,2809
1274,1362,2810
1141,1362,2811
1363,1372,2812
1364,1472,2813
1351,1365,2814
1343,1365,2815
1204,1365,2816
1366,1501,2817
1366,1374,2818
1325,1366,2819
1245,1366,2820
1108,1366,2821
1367,1517,2822
1367,1491,2823
1368,1401,2824
1368,1389,2825
1086,1368,2826
1369,1370,2827
1370,1553,2828
1335,1370,2829
1371,1496,2830
1371,1372,2831
1372,1446,2832
1372,1404,2833
1071,1372,2834
1373,1375,2835
1373,1452,2835
1375,1452,2835
1373,1374,2836
1314,1374,2837
1270,1374,2838
1324,1375,2839
3751,3768,2840
3751,3763,2841
3752,3763,2842
1378,1407,2843
1378,1383,2844
1284,1378,2845
1379,1401,2846
1379,1380,2847
1354,1380,2848
1098,1380,2849
1381,1507,2850
1381,1503,2851
3753,3774,2852
1383,1384,2853
1384,1477,2854
1244,1384,2855
1248,1385,2856
1219,1386,2857
1387,1388,2858
1178,1388,2859
1389,1400,2860
1390,1479,2861
1252,1390,2862
1391,1440,2863
1391,1426,2864
1391,1392,2865
1392,1414,2866
1335,1392,2867
3754,3775,2868
3754,3756,2869
3754,3755,2870
3755,3785,2871
3756,3779,2872
4517,4615,2873
4517,4555,2874
4517,4518,2875
1303,1399,2876
1183,1399,2877
1400,1401,2878
1401,1402,2879
1129,1402,2880
1089,1402,2881
1258,1403,2882
1231,1403,2883
805,1403,2884
1404,1542,2885
1404,1541,2886
1404,1486,2887
1172,1404,2888
1170,1404,2889
4518,4662,2890
1406,1407,2891
1154,1406,2892
1407,1423,2893
1318,1407,2894
1220,1408,2895
1192,1408,2896
1410,1471,2897
1291,1410,2898
1411,1499,2899
1411,1420,2900
1269,1411,2901
4519,4783,2902
4519,4692,2903
4513,4519,2904
1322,1413,2905
1322,1506,2905
1413,1506,2905
1167,1414,2906
3762,3789,2907
3762,3785,2908
1416,1417,2909
1196,1417,2910
1160,1323,2911
1160,1417,2911
1323,1417,2911
1135,1417,2912
1220,1418,2913
1419,1456,2914
1419,1420,2915
1068,1419,2916
1420,1536,2917
1420,1455,2918
1420,1454,2919
1069,1420,2920
1252,1421,2921
1086,1421,2922
1423,1424,2923
1103,1423,2924
1244,1424,2925
1327,1425,2926
423,1425,2927
1218,1426,2928
1349,1427,2929
1297,1427,2930
1428,1450,2931
1343,1428,2932
1429,1430,2933
1120,1430,2934
1092,1430,2935
1431,1433,2936
1431,1432,2937
1432,1434,2938
1225,1433,2939
1328,1434,2940
1307,1434,2941
1144,1435,2942
1436,1437,2943
1353,1436,2944
1279,1436,2945
1437,1463,2946
1310,1437,2947
1118,1437,2948
1335,1439,2949
1167,1439,2950
1440,1527,2951
1440,1517,2952
1440,1441,2953
1321,1441,2954
1442,1443,2955
1443,1549,2956
1443,1538,2957
1443,1444,2958
1104,1443,2959
1314,1444,2960
1445,1446,2961
1063,1445,2962
1062,1445,2963
1447,1448,2964
1096,1447,2965
1090,1312,2966
1090,1447,2966
1312,1447,2966
1348,1448,2967
1313,1448,2968
1095,1448,2969
1449,1462,2970
1342,1449,2971
1349,1450,2972
1206,1450,2973
1275,1451,2974
1219,1451,2975
1452,1473,2976
1136,1452,2977
1453,1542,2978
1196,1453,2979
1149,1453,2980
1454,1457,2981
1117,1454,2982
1455,1458,2983
1117,1455,2984
1456,1458,2985
1456,1457,2986
1320,1459,2987
1141,1459,2988
1328,1460,2989
1268,1460,2990
1124,1460,2991
1079,1460,2992
1461,1462,2993
1105,1461,2994
1348,1462,2995
1235,1462,2996
1118,1462,2997
1463,1464,2998
1340,1463,2999
1280,1464,3000
1118,1464,3001
3764,4200,3002
3764,3767,3003
4520,4598,3004
4520,4521,3005
1277,1353,3006
1277,1467,3006
1353,1467,3006
1317,1468,3007
1210,1468,3008
1184,1468,3009
1176,1468,3010
1174,1469,3011
1174,1485,3011
1469,1485,3011
1188,1470,3012
1073,1470,3013
1110,1472,3014
1473,1498,3015
1269,1473,3016
1285,1475,3018
1143,1475,3019
4521,4621,3020
4521,4593,3021
1309,1477,3022
1126,1477,3023
1230,1479,3024
1086,1479,3025
3770,3771,3026
693,3770,3027
484,3770,3028
3771,3783,3029
114,3771,3030
1240,1330,3031
1240,1484,3031
1330,1484,3031
1485,1486,3032
1153,1171,3033
1153,1485,3033
1171,1485,3033
1174,1487,3034
1171,1487,3035
1141,1487,3036
1174,1488,3037
1174,1532,3037
1488,1532,3037
1259,1489,3038
1232,1489,3039
1205,1489,3040
1093,1489,3041
1099,1491,3044
1146,1492,3045
1493,1566,3046
1493,1494,3047
1133,1494,3048
1495,1538,3049
1495,1524,3050
1110,1496,3051
1091,1109,3052
1091,1497,3052
1109,1497,3052
1070,1498,3053
1070,1499,3054
1500,1501,3055
1117,1500,3056
1251,1502,3057
1162,1502,3058
1335,1503,3059
3772,3784,3060
1177,1505,3061
1092,1505,3062
1246,1506,3063
1159,1506,3064
1507,1513,3065
1507,1508,3066
1335,1507,3067
1075,1160,3068
1075,1507,3068
1160,1507,3068
1508,1542,3069
1245,1508,3070
1343,1509,3071
4873,4891,3072
4839,4891,3073
1083,1511,3074
1513,1514,3075
1217,1513,3076
1199,1513,3077
1335,1516,3078
1518,1519,3079
1163,1518,3080
1175,1519,3081
1521,1589,3082
1521,1522,3083
1196,1522,3084
1322,1523,3085
1281,1524,3086
1525,1526,3087
1230,1525,3088
1224,1525,3089
1092,1167,3090
1092,1526,3090
1167,1526,3090
1285,1527,3091
1321,1528,3092
1529,1530,3093
1194,1529,3094
1530,1560,3095
1531,1537,3096
1531,1532,3097
1101,1531,3099
1171,1532,3100
1135,1532,3101
1239,1533,3102
3776,3778,3103
3776,3777,3104
1287,1536,3105
1211,1537,3106
3750,3779,3107
1341,1541,3108
1311,1541,3109
1168,1542,3110
1061,1543,3111
1116,1544,3112
1545,1548,3113
1546,1576,3114
3780,3782,3115
1548,1549,3116
3781,3782,3117
1117,1553,3118
727,3782,3119
1073,1555,3120
1556,1562,3121
1105,1557,3122
1090,1557,3123
1081,1560,3125
1082,1561,3126
1356,1563,3127
1565,1570,3128
3784,3785,3129
3784,3786,3129
3785,3786,3129
1273,1570,3130
1256,1571,3131
1574,1575,3132
1103,1574,3133
1125,1577,3134
1236,1578,3135
3786,3788,3136
3787,3788,3137
1327,1581,3138
1118,1585,3139
2428,2731,3140
2428,2730,3141
2429,2490,3142
2429,2587,3142
2490,2587,3142
2430,2618,3143
2430,2546,3144
3967,4064,3145
3967,4042,3146
3967,3986,3147
4554,4569,3148
4496,4554,3149
4468,4554,3150
3970,3972,3151
2435,2703,3152
2435,2702,3153
2435,2663,3154
2435,2669,3154
2663,2669,3154
2435,2625,3155
2435,2624,3156
2435,2620,3157
2435,2589,3158
2435,2525,3159
2435,2472,3160
2435,2437,3161
2436,2671,3162
2436,2639,3163
2436,2491,3164
2437,2673,3165
2437,2587,3166
3971,3973,3167
3971,3972,3168
3972,4030,3169
2440,2992,3170
2440,2886,3171
2440,2640,3172
2440,2634,3173
2440,2632,3174
2440,2597,3175
2440,2530,3176
2440,2450,3177
2441,4459,3178
2441,4149,3179
2441,4130,3180
3973,4006,3181
3973,3993,3182
3974,3996,3183
3974,3985,3184
2444,2628,3185
2444,2617,3186
2444,2522,3187
2445,2957,3188
2445,3095,3188
2957,3095,3188
2445,2686,3189
2446,2686,3190
2446,2605,3191
2447,2560,3192
2447,2503,3193
2448,2815,3194
2448,2968,3194
2815,2968,3194
2448,2458,3195
2448,2794,3195
2458,2794,3195
1185,2448,3196
2449,2598,3197
2449,2546,3198
2450,3190,3199
2450,2688,3200
2451,2718,3201
2451,2720,3201
2718,2720,3201
2451,2577,3202
2451,3044,3202
2577,3044,3202
4556,4593,3203
4556,4580,3204
2453,2562,3205
2453,2552,3206
3976,3995,3207
2455,2698,3208
2455,2587,3209
2455,2561,3210
2456,3106,3211
2456,2839,3212
2456,3229,3212
2839,3229,3212
2456,2710,3213
2457,2710,3214
2458,3012,3216
2458,3005,3217
2458,2459,3218
2459,2704,3219
2459,2678,3220
2459,2460,3223
2459,2594,3223
2460,2594,3223
2460,2600,3224
2460,2592,3225
2460,2559,3226
4557,4671,3227
4557,4649,3228
4558,4644,3229
4558,4562,3230
3979,3980,3231
2464,2992,3232
2464,2655,3233
3980,4021,3235
3980,3981,3236
2469,2528,3237
2469,2562,3237
2528,2562,3237
2470,2724,3238
2470,2640,3239
2470,2597,3240
3982,4039,3241
3982,3984,3242
2472,2967,3243
2473,2494,3244
2473,2589,3244
2494,2589,3244
2474,2646,3245
2474,2478,3246
2474,2477,3247
2475,2553,3248
2475,2484,3249
2475,2560,3249
2484,2560,3249
2475,2478,3250
2475,2477,3251
2475,2476,3252
2476,2592,3253
2476,2520,3254
2476,2559,3254
2520,2559,3254
2476,2504,3255
2477,3218,3256
2478,3219,3257
2479,2811,3258
2479,2865,3258
2811,2865,3258
3983,4068,3259
3983,4036,3260
519,3983,3261
3985,3986,3262
3986,3988,3263
2485,2737,3264
2485,2506,3265
2487,2744,3266
2489,3215,3268
2489,3253,3268
3215,3253,3268
2489,2577,3269
2489,2990,3269
2577,2990,3269
2489,2490,3270
2490,3116,3271
2490,3061,3272
2490,2522,3273
2491,3018,3274
2491,2949,3275
2491,2731,3276
2491,2499,3277
4855,4898,3278
4837,4898,3279
4829,4898,3280
2493,2647,3281
2493,2644,3282
2493,2494,3283
2494,3017,3284
2494,3015,3285
2494,2628,3286
427,3988,3287
2498,2770,3288
2498,2596,3289
2499,2770,3290
2499,2730,3291
2499,2514,3292
2502,2646,3294
2502,2644,3295
2502,2503,3296
2503,3017,3297
2503,2553,3298
2503,2504,3299
2504,2612,3300
2505,2605,3301
2505,2610,3301
2605,2610,3301
2506,3050,3302
2506,2523,3304
3989,4049,3305
3989,4007,3306
4899,4927,3307
4899,4900,3308
4834,4899,3309
3991,4026,3310
3991,3992,3311
2510,2628,3312
2510,2617,3313
3992,4004,3314
3993,4013,3315
4561,4678,3316
4561,4623,3317
2514,3018,3318
2514,2796,3319
2515,2516,3320
2515,2596,3320
2516,2596,3320
2516,2811,3321
2516,3037,3321
2811,3037,3321
3995,4069,3322
3996,4066,3323
3997,4017,3324
3997,3998,3325
2520,2600,3326
2522,2642,3327
2522,2560,3328
2523,3046,3329
2523,2807,3330
2523,2615,3331
2523,2618,3331
2615,2618,3331
2523,2602,3332
2525,2814,3333
2525,2587,3334
3999,4051,3335
2528,2816,3336
2528,2805,3337
2528,2790,3338
2532,2637,3340
2531,2532,3341
2533,2613,3342
2533,2558,3343
2535,3018,3344
2537,2702,3347
2537,2630,3348
2538,2842,3349
2538,2549,3350
2538,3056,3350
2549,3056,3350
4001,4030,3351
4001,4021,3352
4001,4002,3353
4002,4031,3354
2545,2792,3355
2545,2924,3355
2792,2924,3355
2545,2844,3356
2546,3155,3358
2546,2863,3359
2546,2861,3360
2546,2859,3361
2546,2638,3362
2546,2593,3363
2546,2555,3364
4003,4048,3365
4003,4021,3366
4004,4035,3367
2549,2848,3368
2486,2549,3369
2486,2959,3369
2549,2959,3369
491,2549,3370
4005,4037,3371
2558,2559,3372
1132,2558,3373
2560,2628,3374
2561,2883,3375
2561,2605,3376
2563,4462,3377
2563,4446,3378
2563,4449,3378
4446,4449,3378
2563,4130,3379
82,2563,3380
58,2563,3381
2564,3148,3382
2564,3147,3383
2564,2791,3384
2564,2621,3385
4006,4029,3386
2566,2942,3387
2566,2895,3388
2566,2678,3389
4007,4008,3390
2568,2942,3391
2568,2594,3392
4008,4057,3393
4008,4050,3394
4010,4080,3395
4010,4047,3396
4010,4019,3397
4010,4038,3397
4019,4038,3397
4011,4048,3398
4011,4037,3399
4504,4562,3400
4013,4029,3401
2576,3155,3402
2576,2795,3403
2576,2734,3404
2576,2602,3405
2576,2965,3405
2602,2965,3405
2576,2598,3406
2576,2593,3407
2575,2576,3408
2555,2576,3409
2577,3206,3410
2577,3278,3410
3206,3278,3410
2578,3015,3411
2578,2642,3412
2578,2589,3413
4563,4680,3414
4563,4623,3415
4489,4563,3416
4015,4039,3417
4015,4030,3418
4016,4059,3419
4016,4034,3420
4016,4026,3421
4564,4685,3422
2587,2605,3423
2586,2587,3424
2586,2912,3424
2587,2912,3424
4565,4566,3425
4565,4603,3425
4566,4603,3425
2594,2910,3426
2595,2910,3427
2595,2606,3428
1309,2595,3429
2598,2918,3430
4566,4641,3431
4023,4035,3432
2718,4023,3433
2602,3050,3434
2602,2937,3435
2718,4024,3436
2604,3116,3437
2604,2944,3438
2604,2609,3439
2605,2956,3440
2605,2957,3440
2956,2957,3440
2605,2954,3441
2606,2954,3442
2606,2607,3443
2606,2619,3443
2607,2619,3443
4025,4027,3444
2940,4025,3445
2612,3290,3446
2612,3289,3447
2612,2613,3448
2608,2612,3449
2529,2607,3450
2529,2613,3450
2607,2613,3450
4027,4034,3451
2617,3267,3452
2618,2975,3453
2618,2974,3454
2618,2887,3455
2618,2886,3456
2618,2638,3457
2619,2975,3458
2620,2977,3459
2620,2967,3460
2621,2979,3461
2621,2790,3462
2623,2994,3463
2623,2703,3464
2623,2639,3465
2609,2624,3466
2625,2981,3467
2609,2625,3468
4832,4900,3469
4029,4030,3470
4030,4081,3471
4030,4032,3472
2630,2988,3473
2630,2987,3474
2630,2949,3475
4031,4042,3476
4031,4040,3477
4031,4032,3478
2632,3284,3479
2634,3188,3480
4568,4668,3481
4034,4035,3482
2637,2935,3483
4035,4058,3484
2644,2645,3485
2645,2649,3486
2646,2649,3487
2646,2648,3488
2647,2649,3489
2648,2650,3490
2649,2650,3491
2651,3290,3492
2651,3289,3493
4037,4040,3494
4037,4039,3495
4037,4081,3495
4039,4081,3495
2653,2761,3496
2653,2796,3496
2761,2796,3496
4038,4039,3497
2608,2655,3498
4041,4050,3499
4041,4042,3500
2661,3202,3501
2661,3025,3502
4042,4067,3503
4569,4680,3504
4570,4652,3505
4570,4638,3506
4571,4622,3507
4571,4615,3508
4571,4572,3509
4046,4047,3510
4048,4081,3511
2672,3002,3512
2672,3144,3512
3002,3144,3512
2672,2797,3513
2672,3027,3513
2797,3027,3513
2672,2781,3514
2672,3005,3514
2781,3005,3514
2673,2675,3515
4049,4050,3516
4051,4054,3517
2679,2715,3518
2679,2943,3518
2715,2943,3518
4052,4054,3519
4052,4053,3520
4053,4071,3521
4053,4070,3522
4572,4629,3523
4889,4901,3524
4881,4901,3525
4849,4901,3526
2663,2685,3527
2663,2814,3527
2685,2814,3527
2686,2687,3528
2687,3004,3529
2687,2779,3530
2688,3051,3531
2688,3099,3531
3051,3099,3531
2688,2759,3533
2688,3100,3533
2759,3100,3533
4058,4059,3534
2692,2892,3535
2692,2943,3535
2892,2943,3535
2692,2838,3536
2694,3172,3537
2694,3287,3537
3172,3287,3537
4060,4062,3540
4060,4061,3541
4061,4066,3542
4061,4064,3543
2697,2704,3544
2697,2788,3544
2704,2788,3544
4062,4063,3545
2704,2746,3546
2704,3013,3546
2746,3013,3546
4066,4067,3547
2707,2811,3548
2707,2841,3548
2811,2841,3548
4068,4069,3549
2712,2958,3550
2712,3264,3550
2958,3264,3550
4070,4106,3551
2466,2718,3556
4071,4106,3557
2722,2724,3558
2554,2722,3559
2724,2847,3560
2728,2782,3562
2728,3010,3562
2782,3010,3562
4574,4575,3566
4575,4657,3567
4478,4575,3568
2608,2734,3569
4576,4821,3570
4509,4576,3571
4902,4910,3572
4902,4908,3573
4902,4903,3574
2737,2738,3576
2737,2739,3576
2738,2739,3576
2738,2780,3577
2740,2742,3578
2740,2741,3579
2486,2742,3580
4578,4662,3581
4578,4622,3582
2486,2744,3583
4880,4903,3584
1034,4903,3585
4580,4599,3586
4904,4906,3587
4840,4904,3588
4080,4081,3589
4582,4660,3590
4582,4583,3591
4514,4582,3592
4493,4583,3593
3353,4583,3594
4840,4905,3595
4839,4905,3596
4492,4585,3597
4088,4167,3601
4586,4590,3602
4516,4586,3603
4090,4188,3604
4090,4189,3604
4188,4189,3604
4587,4590,3605
4093,4209,3606
4093,4190,3607
4094,4286,3608
4094,4103,3609
2772,2781,3610
2772,2782,3610
2781,2782,3610
4873,4906,3611
4589,4789,3612
4589,4695,3613
4488,4589,3614
2775,2982,3615
2775,3004,3615
2982,3004,3615
4505,4590,3616
4098,4137,3617
4098,4223,3617
4137,4223,3617
4591,4658,3618
4483,4591,3619
2779,2843,3620
2781,3012,3621
2782,3002,3622
2782,2968,3623
2782,2969,3623
2968,2969,3623
4907,4909,3625
4907,4908,3626
2788,2978,3627
2788,3268,3627
2978,3268,3627
4102,4318,3628
4102,4228,3629
4102,4207,3630
2609,2791,3631
2792,2793,3632
2793,3287,3633
2794,3013,3635
2608,2795,3636
2671,2796,3637
2800,2801,3640
491,2800,3641
4103,4306,3645
4103,4152,3646
2529,2805,3647
4106,4107,3649
4107,4148,3650
4107,4145,3651
2811,2987,3653
4851,4909,3654
2814,3080,3655
2814,3117,3655
3080,3117,3655
2814,2904,3656
2814,2977,3656
2904,2977,3656
2815,3013,3657
2815,2978,3658
2815,2984,3658
2978,2984,3658
2816,2879,3659
2816,3199,3659
2879,3199,3659
4851,4910,3660
4495,4597,3661
4112,4174,3663
4112,4113,3664
482,4112,3665
4113,4214,3666
130,4113,3667
2827,3018,3668
2562,2827,3669
4114,4115,3670
476,4114,3671
4115,4150,3672
4115,4149,3673
4116,4188,3674
4116,4212,3674
4188,4212,3674
4116,4173,3675
4514,4599,3676
491,2544,3677
491,2833,3677
2544,2833,3677
4119,4155,3678
4119,4160,3678
4155,4160,3678
2842,2933,3682
2842,2936,3682
2933,2936,3682
2843,2982,3683
4120,4459,3684
4120,4286,3685
4120,4164,3686
4120,4121,3687
2554,2846,3688
2554,2972,3688
2846,2972,3688
2848,2933,3689
4121,4165,3690
4121,4180,3690
4165,4180,3690
523,4121,3691
109,4121,3692
2850,2852,3693
2551,2850,3694
2851,2852,3695
2551,2851,3696
4122,4151,3697
4122,4203,3697
4151,4203,3697
4111,4122,3698
4091,4122,3699
4603,4821,3700
4601,4625,3701
4506,4601,3702
4602,4655,3703
4486,4602,3704
2847,2859,3705
4603,4642,3706
4603,4612,3707
4470,4603,3708
2847,2861,3709
4911,4925,3710
4911,4915,3711
2847,2863,3712
2865,3029,3713
2865,3123,3713
3029,3123,3713
4606,4620,3718
4474,4606,3719
2555,2871,3720
2554,2871,3721
2555,2872,3722
2554,2872,3723
2555,2873,3724
2554,2873,3725
4607,4704,3726
4133,4157,3727
4133,4134,3728
4134,4212,3729
4135,4159,3730
4135,4139,3731
2882,2883,3732
2881,2883,3733
2885,3148,3734
2885,3147,3735
2887,3190,3736
4608,4631,3737
4608,4609,3738
4513,4608,3739
4609,4691,3740
4609,4656,3741
4609,4645,3742
2894,2997,3743
2894,3246,3743
2997,3246,3743
2894,2895,3744
4928,4929,3745
4696,4928,3746
4611,4637,3747
4490,4611,3748
4914,4919,3749
4871,4914,3750
4513,4614,3751
4469,4614,3752
2562,2884,3753
2562,2901,3753
2884,2901,3753
4145,4147,3754
4146,4147,3755
527,4146,3756
4148,4172,3757
4148,4205,3757
4172,4205,3757
4148,4152,3758
4150,4174,3759
4152,4216,3760
4152,4213,3761
4152,4153,3762
4153,4164,3763
4616,4655,3764
4616,4644,3765
2925,2938,3766
2925,2939,3766
2938,2939,3766
4617,4684,3770
4494,4617,3771
4159,4163,3772
2597,2935,3773
2466,2940,3775
4504,4618,3776
4474,4618,3777
2944,2981,3778
4164,4217,3779
4164,4165,3780
4879,4915,3781
4167,4215,3782
4167,4209,3783
4167,4189,3784
4620,4638,3785
2956,2958,3786
2609,2961,3787
2607,2961,3788
4622,4634,3789
2968,3012,3790
475,4174,3791
2723,2974,3792
2984,3233,3793
2984,3236,3793
3233,3236,3793
4783,4828,3794
4671,4828,3795
4511,4627,3796
4470,4627,3797
2988,3123,3798
4181,4188,3799
4181,4197,3799
4188,4197,3799
4628,4734,3800
4628,4650,3801
2994,3119,3802
2994,3120,3802
3119,3120,3802
4477,4629,3803
4477,4663,3803
4629,4663,3803
4829,4885,3804
4829,4867,3805
4631,4673,3806
4188,4219,3807
4190,4215,3808
4633,4744,3809
2933,3021,3810
2933,3175,3810
3021,3175,3810
4634,4665,3811
4635,4684,3812
3025,3072,3813
4830,4875,3814
4830,4867,3815
4509,4637,3816
2937,3034,3817
2937,3035,3817
3034,3035,3817
4200,4228,3818
4200,4207,3819
4200,4203,3820
4831,4846,3821
4831,4832,3822
3323,4831,3823
3045,3138,3824
3045,3046,3825
4640,4690,3826
4471,4640,3827
4641,4642,3828
3332,4832,3829
565,4212,3830
4213,4306,3831
2609,3061,3833
4208,4214,3834
4216,4217,3835
3072,3202,3836
3072,3138,3837
4644,4645,3838
4512,4644,3839
4222,4223,3840
4645,4653,3841
4833,4890,3842
4833,4842,3843
4833,4838,3844
4478,4833,3845
4647,4676,3846
4474,4647,3847
4491,4649,3848
4650,4751,3849
4650,4740,3850
4835,4924,3851
4835,4848,3852
4652,4724,3853
4652,4653,3854
4475,4653,3855
777,4929,3856
4656,4657,3857
4482,4656,3858
4480,4656,3859
3337,4656,3860
4658,4688,3861
4659,4701,3863
4659,4661,3864
2575,3098,3866
2575,3282,3866
3098,3282,3866
4496,4660,3867
4661,4689,3868
4507,4661,3869
4494,4661,3870
4662,4663,3871
2725,3106,3872
4837,4885,3873
4837,4850,3874
4837,4838,3875
4510,4665,3876
4839,4882,3877
4668,4687,3878
2960,3122,3879
2960,3162,3879
3122,3162,3879
3124,3129,3880
2539,3124,3881
3125,3129,3882
2539,3125,3883
4516,4670,3884
4492,4670,3885
4671,4690,3887
4841,4868,3888
4841,4842,3889
4673,4677,3890
4842,4888,3891
4934,4940,3892
4934,4935,3893
4471,4677,3895
3118,3145,3896
3118,3247,3896
3145,3247,3896
2693,3146,3897
2693,3181,3897
3146,3181,3897
4678,4685,3900
4678,4679,3901
3361,4678,3902
4477,4679,3904
3362,4679,3905
4918,4923,3907
4873,4918,3908
4919,4925,3909
3455,4846,3910
4686,4772,3911
4686,4687,3912
4485,4689,3913
4690,4692,3914
4690,4691,3915
2543,3175,3916
783,4935,3917
2656,2826,3918
2656,3179,3918
2826,3179,3918
4848,4879,3921
4848,4849,3922
4695,4696,3923
4849,4884,3924
4849,4874,3925
2555,3188,3926
3189,3284,3927
2608,3189,3928
2698,2882,3929
2698,3191,3929
2882,3191,3929
4851,4923,3930
4852,4856,3931
4853,4883,3932
4853,4861,3933
4512,4703,3934
4495,4703,3935
4704,4794,3937
4488,4704,3938
4705,4747,3939
4705,4712,3940
4706,4746,3941
4706,4715,3942
3009,3210,3943
3009,3270,3943
3210,3270,3943
4707,4720,3944
4707,4717,3945
4708,4717,3946
4708,4714,3947
4709,4747,3948
4709,4734,3949
4709,4730,3950
4709,4729,3951
3218,3219,3952
4710,4730,3953
4710,4729,3954
4711,4725,3955
4711,4715,3956
4712,4736,3958
4713,4729,3959
4713,4728,3960
4714,4733,3961
4716,4752,3962
4716,4728,3963
4718,4729,3964
4718,4721,3965
4719,4738,3966
4719,4732,3967
3235,3252,3968
3235,3267,3968
3252,3267,3968
4720,4733,3969
4721,4737,3970
4722,4752,3971
4722,4740,3972
4723,4724,3973
4725,4736,3974
4726,4755,3975
4726,4728,3976
4727,4750,3977
4727,4785,3977
4750,4785,3977
4728,4737,3978
4729,4749,3980
4731,4752,3981
4731,4749,3982
4732,4739,3983
4734,4746,3984
4734,4741,3985
4735,4745,3986
4735,4739,3987
4738,4740,3988
4740,4743,3989
4741,4748,3990
4742,4748,3991
4742,4743,3992
4329,4347,3994
4329,4332,3995
4330,4378,3996
4330,4332,3997
4745,4752,3998
4332,4408,3999
3294,3594,4000
3294,3489,4001
3294,3412,4002
3295,3553,4003
3295,3335,4004
3295,3296,4005
3296,4862,4006
3296,3315,4007
3297,3569,4008
3297,3507,4009
3297,3434,4010
3297,3326,4011
3297,3298,4012
3298,3327,4013
3298,3311,4014
3298,3334,4014
3311,3334,4014
3299,3539,4015
3299,3300,4016
3300,3330,4017
3300,3559,4017
3330,3559,4017
3300,3315,4018
3302,3709,4019
3302,3623,4020
3302,3447,4021
3303,3673,4022
3303,3632,4023
3308,3653,4025
3308,3628,4026
3308,3541,4027
3308,3471,4028
3308,3470,4029
3308,3421,4030
3308,3345,4031
3309,3693,4032
3309,3655,4033
3309,3597,4034
3309,3581,4035
3310,3646,4036
3310,3466,4037
3310,3465,4038
3310,3311,4039
3311,3485,4040
3311,3358,4041
3312,3456,4042
3312,3313,4043
3313,3698,4044
3313,3594,4045
3313,3485,4046
3313,3360,4047
3313,3337,4048
3313,3352,4048
3337,3352,4048
3313,3334,4049
3313,3322,4050
3313,3633,4050
3322,3633,4050
3314,3694,4051
3314,3315,4052
3315,3436,4053
3316,3657,4054
3316,3626,4055
3316,3611,4056
3316,3356,4057
3317,3621,4058
3317,3484,4059
3317,3318,4060
3318,3725,4061
3318,3422,4062
3318,3353,4063
3318,3337,4064
3319,4865,4065
3319,3474,4066
3320,3678,4067
3320,3575,4068
3320,3574,4069
3320,3498,4070
3320,3419,4071
3321,3608,4072
3321,3361,4073
3322,3699,4074
3322,3472,4075
3322,3329,4076
3323,3669,4077
3323,3455,4078
3323,3324,4079
3324,3346,4080
3324,3332,4081
3325,3565,4082
3325,3343,4083
3326,3573,4084
3327,3577,4085
3328,3714,4086
3328,3329,4087
3329,3743,4088
3329,3562,4089
3330,3588,4090
3330,3587,4091
3330,3583,4092
3330,3499,4093
3330,3473,4094
3330,3467,4095
3330,3366,4096
3331,3706,4097
3331,3582,4098
3331,3581,4099
3331,3332,4100
3332,3698,4101
3332,3436,4102
3333,3723,4103
3333,3617,4104
3333,3334,4105
3334,4877,4106
3335,4760,4107
3335,3630,4108
3338,4866,4109
3338,3673,4110
3338,3430,4111
3338,3350,4112
322,4342,4114
3342,4876,4115
3342,3530,4116
3342,3343,4117
3343,4877,4118
3343,3414,4119
3344,3660,4120
3344,3649,4121
3344,3648,4122
3344,3640,4123
3344,3639,4124
3344,3584,4125
3344,3575,4126
3344,3574,4127
3345,3649,4128
3345,3648,4129
3345,3473,4130
3346,4889,4131
3346,3623,4132
3346,3404,4133
3347,3710,4134
3347,3361,4135
3348,3662,4136
3348,3403,4137
3348,3350,4138
3348,3349,4139
3349,4884,4140
3350,3664,4141
3351,3702,4142
3351,3701,4143
3351,3675,4144
3351,3674,4145
3352,3703,4146
3352,3690,4147
3352,3675,4148
3352,3674,4149
3352,3672,4150
3352,3599,4151
3352,3562,4152
3353,3653,4153
3353,3613,4154
3353,3366,4155
3353,3363,4156
3353,3362,4157
3354,3656,4158
3354,3564,4159
3354,3487,4160
3354,3424,4161
2,3638,4162
2,3588,4163
2,3587,4164
2,3554,4165
3356,3717,4166
3356,3639,4167
3356,3602,4168
3356,3570,4169
3356,3438,4170
3356,3433,4171
3357,3724,4172
3357,3358,4174
6,121,4175
6,14,4176
3359,3728,4177
3359,3727,4178
3359,3360,4179
3359,3726,4179
3360,3726,4179
3360,3467,4180
10,209,4181
10,206,4182
10,76,4183
10,62,4184
10,11,4185
11,51,4186
12,126,4187
12,95,4188
3361,3362,4189
14,84,4190
14,15,4191
15,148,4192
15,30,4193
3363,4477,4194
19,191,4195
19,20,4196
20,131,4197
20,21,4198
21,200,4199
22,177,4200
22,52,4201
3366,3717,4202
25,4462,4203
25,54,4204
26,137,4205
26,59,4206
28,167,4209
28,162,4210
30,131,4211
31,124,4212
31,141,4212
124,141,4212
32,105,4213
32,63,4214
33,175,4215
33,156,4216
35,98,4217
35,36,4218
36,142,4219
36,143,4219
142,143,4219
36,70,4220
36,37,4221
37,158,4222
37,48,4223
3369,3371,4224
3369,3370,4225
3370,4876,4226
3371,3524,4227
41,203,4228
41,98,4229
42,233,4230
42,219,4231
42,59,4232
42,168,4232
59,168,4232
42,43,4233
43,182,4234
43,99,4235
44,164,4236
44,95,4237
3372,3622,4238
3372,3609,4239
3372,3568,4240
47,185,4241
47,48,4242
48,172,4243
49,107,4244
49,102,4245
49,76,4246
51,206,4247
51,140,4248
52,195,4249
52,121,4250
53,173,4251
53,120,4252
53,112,4253
54,232,4254
55,148,4255
55,110,4256
56,108,4257
56,89,4258
57,120,4261
57,176,4261
120,176,4261
58,99,4262
59,60,4263
60,61,4264
61,155,4265
62,189,4266
63,155,4267
4750,4755,4268
4751,4752,4269
4354,4413,4271
4354,4397,4272
4354,4378,4273
69,980,4274
69,70,4275
70,1053,4276
70,1031,4277
70,71,4278
71,109,4279
72,225,4280
72,87,4281
73,113,4282
73,216,4282
113,216,4282
73,74,4283
74,232,4284
74,92,4285
4355,4405,4286
4355,4411,4286
4405,4411,4286
77,186,4287
77,87,4288
77,111,4288
87,111,4288
77,78,4289
78,192,4290
78,171,4291
79,110,4292
79,80,4293
80,81,4294
81,990,4295
81,200,4296
81,185,4297
82,83,4298
83,99,4299
84,222,4300
84,219,4301
85,4447,4302
85,4462,4302
4447,4462,4302
86,4449,4303
86,152,4304
4356,4404,4305
89,199,4307
89,196,4308
89,179,4309
89,173,4310
92,4447,4311
92,497,4312
93,175,4313
93,124,4314
93,95,4315
95,96,4316
96,172,4317
96,130,4318
97,149,4319
97,145,4320
99,206,4321
99,136,4322
99,126,4323
99,101,4324
100,4460,4325
100,101,4326
102,124,4327
104,191,4328
104,154,4329
104,146,4330
105,223,4331
105,175,4332
106,1056,4333
106,1031,4334
106,185,4335
107,187,4336
108,179,4337
109,117,4338
109,208,4338
117,208,4338
112,205,4339
112,193,4340
112,149,4341
113,114,4342
114,130,4343
4361,4410,4344
4347,4361,4345
117,523,4346
4363,4364,4347
254,4363,4348
120,149,4349
125,233,4350
125,195,4351
125,174,4352
125,154,4353
126,209,4354
4940,4941,4355
130,208,4356
135,237,4357
135,223,4358
136,237,4359
137,147,4360
138,230,4361
138,225,4362
138,224,4363
139,4883,4364
139,206,4365
139,151,4366
139,144,4367
139,140,4368
139,141,4368
140,141,4368
141,187,4369
141,142,4370
144,203,4371
144,152,4372
145,193,4373
146,197,4374
146,195,4375
147,154,4376
151,192,4377
151,182,4378
154,157,4379
154,155,4380
154,158,4380
155,158,4380
155,174,4381
155,156,4382
157,190,4383
158,194,4384
162,197,4385
3400,3566,4386
3400,3676,4386
3566,3676,4386
164,192,4387
3401,3610,4388
3401,3402,4389
3402,3555,4390
3402,3403,4391
167,177,4392
169,230,4393
169,171,4394
170,228,4395
170,188,4396
170,171,4397
171,172,4398
175,190,4399
178,180,4400
178,179,4401
180,207,4402
180,200,4403
3404,3748,4404
3404,3749,4404
3748,3749,4404
3405,3683,4405
3405,3457,4406
185,998,4407
185,201,4408
186,188,4409
188,231,4410
188,229,4411
189,206,4412
193,194,4413
196,205,4414
199,202,4415
199,201,4416
200,202,4417
206,208,4418
207,208,4419
4754,4755,4421
3411,3713,4422
3411,3678,4423
3411,3412,4424
3412,3677,4425
3412,3518,4426
215,500,4427
215,216,4428
217,229,4429
217,226,4430
3413,3627,4431
3413,3469,4432
3414,3685,4433
3415,3552,4434
3415,3503,4435
222,226,4436
224,228,4437
227,231,4438
227,230,4439
3416,3660,4440
3416,3469,4441
3417,3418,4442
3417,3432,4442
3418,3432,4442
3419,3677,4443
3419,3566,4444
239,319,4445
239,253,4446
240,355,4447
240,334,4448
240,241,4449
241,317,4450
241,338,4450
317,338,4450
242,352,4451
242,243,4452
243,366,4453
243,285,4454
243,367,4454
285,367,4454
244,343,4455
244,356,4455
343,356,4455
245,362,4456
245,336,4457
247,372,4458
247,379,4458
372,379,4458
247,299,4459
247,258,4460
247,248,4461
248,331,4462
3421,3533,4463
3422,3672,4464
252,253,4467
252,290,4467
253,290,4467
253,323,4468
253,254,4469
254,338,4470
255,330,4471
255,285,4472
255,256,4473
256,300,4474
256,286,4475
258,361,4476
258,382,4476
361,382,4476
258,311,4477
258,369,4477
311,369,4477
259,312,4478
259,307,4479
259,300,4480
3424,3427,4481
261,351,4482
261,370,4482
351,370,4482
261,288,4483
261,262,4484
262,335,4485
262,268,4486
262,263,4487
263,346,4488
263,345,4489
264,4416,4490
264,322,4491
265,282,4492
265,335,4492
282,335,4492
267,351,4493
267,268,4494
4383,4400,4495
4383,4398,4496
270,363,4497
270,347,4498
3427,3734,4499
3427,3601,4500
3428,3624,4501
3428,3609,4502
3430,3620,4503
275,363,4504
275,326,4505
3432,3696,4506
3432,3611,4507
278,343,4508
278,315,4509
279,379,4510
279,299,4511
279,336,4511
299,336,4511
3433,3696,4512
285,306,4513
285,297,4514
285,286,4515
283,285,4516
286,1179,4517
286,307,4518
286,317,4518
307,317,4518
3434,3658,4519
288,352,4520
3435,3565,4521
3435,3530,4522
291,4436,4523
291,337,4524
293,363,4525
293,326,4526
3437,3486,4527
3437,3568,4527
3486,3568,4527
3438,3666,4528
297,366,4529
296,297,4530
298,309,4531
298,341,4531
309,341,4531
299,344,4532
299,300,4533
300,363,4534
300,317,4535
3439,3589,4536
3439,3528,4537
4387,4416,4538
306,307,4540
981,4856,4541
4857,4872,4542
4857,4860,4543
311,312,4544
312,346,4545
312,345,4546
315,316,4547
316,357,4548
316,317,4549
318,1120,4550
318,319,4551
319,337,4552
320,323,4553
320,321,4554
321,322,4555
820,4941,4556
3447,3738,4557
330,331,4558
333,354,4559
333,356,4559
354,356,4559
333,334,4560
335,353,4561
337,338,4562
341,342,4563
342,347,4564
343,344,4565
4372,4398,4566
352,353,4567
354,355,4568
356,357,4569
3456,3622,4570
3457,3664,4571
4366,4400,4572
4344,4400,4573
362,363,4575
4333,4341,4576
4333,4401,4576
4341,4401,4576
4384,4404,4577
3463,3466,4578
3463,3464,4579
3464,3465,4580
3468,3621,4581
3468,3528,4582
3468,3504,4583
3468,3503,4584
3468,3469,4585
3469,3614,4586
3469,3593,4587
3469,3527,4588
3469,3471,4589
3469,3470,4590
384,463,4591
384,455,4592
384,456,4592
455,456,4592
384,446,4593
384,430,4594
384,385,4595
387,447,4598
387,446,4599
1,387,4600
3472,3599,4601
390,438,4602
392,424,4603
392,410,4604
392,395,4605
392,393,4606
393,426,4607
393,407,4608
393,403,4609
393,437,4609
403,437,4609
394,397,4610
394,396,4611
395,458,4612
395,443,4613
396,420,4614
1,396,4615
3474,3545,4616
403,440,4620
403,436,4621
403,412,4622
4346,4410,4623
406,458,4624
406,461,4624
458,461,4624
406,432,4625
406,407,4626
409,457,4627
409,452,4628
409,438,4629
410,432,4630
412,1217,4632
413,1249,4633
413,474,4634
414,469,4635
414,465,4636
414,463,4637
414,460,4638
414,453,4639
414,415,4640
415,426,4641
4374,4413,4642
417,451,4643
417,445,4644
417,431,4645
417,470,4645
431,470,4645
3484,3740,4646
3485,3685,4647
3485,3486,4648
420,457,4649
420,422,4650
421,427,4651
421,422,4652
423,440,4653
424,431,4654
425,445,4655
425,444,4656
425,426,4657
426,427,4658
427,428,4659
428,1126,4660
429,460,4661
429,453,4662
430,471,4663
430,447,4664
431,442,4665
432,473,4666
432,433,4667
433,437,4668
3486,3487,4669
3487,3734,4670
3487,3561,4671
436,1298,4672
439,474,4673
439,473,4674
439,440,4675
442,443,4676
444,469,4677
444,465,4678
3489,3499,4679
450,468,4680
450,466,4681
451,469,4682
452,454,4683
1,452,4684
454,464,4685
455,471,4686
456,460,4687
457,466,4688
3490,3738,4689
3490,3546,4690
4860,4861,4691
464,468,4692
465,470,4693
3492,3728,4694
3492,3676,4695
475,482,4696
476,4447,4697
3494,3501,4698
3494,3500,4699
478,485,4700
478,481,4701
479,499,4702
479,493,4703
479,480,4704
480,482,4705
480,481,4706
481,494,4707
483,496,4708
483,495,4709
483,486,4710
483,490,4710
486,490,4710
484,485,4711
485,497,4712
485,494,4713
485,486,4714
486,499,4715
486,498,4716
486,487,4717
487,495,4718
3495,3502,4719
3495,3500,4720
489,1202,4721
489,1184,4722
3496,3502,4723
3496,3501,4724
493,498,4725
493,494,4726
494,4447,4727
496,497,4728
497,500,4729
502,574,4730
502,571,4731
502,550,4732
3498,3627,4733
3498,3526,4734
3498,3502,4735
3498,3501,4736
3498,3500,4737
3499,3628,4738
3499,3516,4739
505,565,4740
505,557,4741
505,524,4742
506,549,4743
506,552,4743
549,552,4743
507,566,4744
507,547,4745
507,540,4746
508,567,4747
508,547,4748
508,540,4749
509,567,4750
509,566,4751
3504,3551,4752
3505,3733,4753
3505,3697,4754
3507,3617,4756
519,521,4757
4362,4419,4758
4347,4419,4759
522,4449,4760
522,4459,4760
4449,4459,4760
522,833,4761
522,829,4762
522,523,4763
523,571,4764
524,533,4765
524,526,4766
524,525,4767
525,529,4768
526,531,4769
527,533,4770
529,531,4772
533,574,4775
533,565,4776
533,557,4777
533,549,4778
533,569,4778
549,569,4778
533,534,4779
534,571,4780
536,560,4781
536,537,4782
537,558,4783
3512,3739,4784
3512,3564,4785
3512,3513,4786
540,545,4787
540,544,4788
540,543,4789
540,542,4790
540,541,4791
541,570,4792
542,570,4793
543,551,4794
544,566,4795
544,562,4796
544,546,4797
545,567,4798
545,562,4799
545,546,4800
547,560,4801
547,559,4802
547,555,4803
547,554,4804
548,556,4805
548,549,4806
549,553,4807
549,550,4808
553,556,4809
554,556,4810
555,556,4811
557,564,4812
558,564,4813
558,559,4814
559,563,4815
3513,3565,4816
3513,3561,4817
563,564,4818
4862,4868,4819
570,4459,4820
570,571,4821
571,4165,4822
3515,3702,4823
3515,3701,4824
3515,3552,4825
3515,3551,4826
3516,3743,4827
4863,4879,4828
4863,4864,4829
3518,3585,4830
577,641,4831
577,583,4832
4864,4878,4833
579,611,4834
579,595,4835
4865,4888,4836
4865,4880,4837
582,627,4839
582,586,4840
583,646,4841
583,613,4842
583,585,4843
4497,4768,4844
586,615,4845
585,586,4846
4866,4924,4847
588,680,4848
588,670,4849
588,625,4850
588,619,4851
3523,3740,4852
3523,3572,4853
590,693,4854
590,595,4855
3524,3624,4856
4867,4868,4857
593,631,4858
593,598,4859
3526,3638,4860
595,629,4861
3527,3666,4862
598,658,4863
4475,4868,4864
3533,3671,4865
4879,4925,4866
605,692,4867
605,658,4868
605,606,4869
606,667,4870
606,659,4871
4871,4881,4872
610,663,4873
610,658,4874
610,611,4875
611,723,4876
4437,4440,4877
613,701,4878
613,641,4879
613,614,4880
614,615,4881
615,677,4882
615,637,4883
615,620,4884
3539,3742,4885
4438,4440,4887
4438,4442,4887
4440,4442,4887
1120,4438,4888
619,669,4889
620,627,4890
3541,3725,4891
3542,3668,4892
3542,3605,4893
623,737,4894
623,654,4895
4873,4874,4896
625,709,4897
625,669,4898
625,656,4899
3545,3557,4900
629,659,4901
3546,3619,4902
631,697,4903
633,690,4904
633,669,4905
633,719,4905
669,719,4905
633,640,4906
633,635,4907
4442,4443,4908
635,726,4909
637,649,4910
638,672,4911
638,714,4911
672,714,4911
4875,4886,4912
4875,4885,4913
3553,3693,4914
645,688,4915
645,649,4916
646,705,4917
3554,3676,4918
3555,3652,4919
4445,4463,4920
4445,4459,4921
3557,3709,4922
656,690,4923
656,670,4924
658,697,4925
658,659,4926
659,739,4927
659,713,4928
4876,4877,4929
663,692,4930
3564,3565,4931
3565,3656,4932
667,693,4933
668,669,4934
672,673,4935
585,673,4936
3569,3732,4937
3569,3578,4938
676,703,4939
676,677,4940
3570,3589,4942
680,682,4943
4877,4884,4944
4484,4877,4945
3572,3602,4946
3573,3658,4947
682,688,4948
4878,4886,4949
693,739,4950
693,695,4951
693,727,4951
695,727,4951
3577,3732,4952
3577,3578,4953
4879,4882,4954
4879,4880,4955
701,703,4956
3582,3655,4957
703,735,4958
682,703,4959
3583,3613,4960
705,714,4961
3584,3626,4962
3585,3586,4963
3586,3727,4964
682,709,4965
713,723,4966
3593,3663,4967
4458,4459,4968
844,4458,4969
3597,3598,4970
3598,3694,4971
4459,4460,4972
857,4459,4973
838,4459,4974
830,4459,4975
3601,3739,4976
4789,4793,4977
735,737,4978
3605,3612,4979
740,764,4980
740,750,4981
740,741,4982
741,816,4983
827,4463,4986
743,780,4987
743,744,4989
744,805,4990
744,778,4991
744,761,4992
744,745,4993
745,1231,4994
745,816,4995
745,803,4996
3608,3710,4997
3610,3662,4998
749,806,4999
750,806,5000
750,753,5001
751,777,5002
751,754,5003
755,804,5004
755,784,5005
755,765,5006
3612,3670,5007
757,788,5008
757,758,5009
758,792,5010
758,759,5011
759,825,5012
759,824,5013
759,814,5014
759,813,5015
760,761,5017
761,815,5018
763,781,5019
763,790,5019
781,790,5019
764,816,5020
764,815,5021
764,778,5022
765,821,5023
765,775,5024
3614,3663,5025
771,786,5026
771,772,5027
772,787,5028
772,773,5029
773,825,5030
773,824,5031
3619,3650,5032
775,818,5033
775,782,5034
3620,3706,5035
777,787,5036
779,815,5037
780,796,5038
780,790,5039
781,804,5040
781,784,5041
781,782,5042
783,804,5043
784,801,5044
784,792,5045
786,787,5046
788,792,5047
788,804,5047
792,804,5047
3622,3733,5048
794,1215,5049
794,812,5050
794,795,5051
795,805,5052
796,809,5053
796,805,5054
4793,4794,5055
801,1258,5056
801,1231,5057
4468,4486,5058
3630,3742,5059
809,810,5060
810,823,5061
4469,4486,5062
812,823,5063
812,1125,5063
823,1125,5063
813,1228,5064
814,1229,5065
3632,3723,5066
818,819,5067
819,820,5068
820,821,5069
826,845,5070
826,827,5071
827,830,5072
828,859,5073
828,846,5074
828,878,5074
846,878,5074
828,829,5075
829,838,5076
830,837,5077
830,835,5078
832,904,5080
832,870,5081
832,896,5081
870,896,5081
832,856,5082
832,833,5083
834,875,5084
834,863,5085
834,855,5086
834,892,5086
855,892,5086
834,835,5087
836,893,5088
836,897,5088
893,897,5088
836,837,5089
838,873,5090
838,872,5091
838,854,5092
839,854,5093
839,840,5094
840,841,5095
4470,4508,5096
844,864,5097
844,863,5098
844,862,5099
845,866,5100
845,847,5101
846,904,5102
847,895,5103
847,885,5104
847,881,5105
847,901,5105
881,901,5105
847,861,5106
3640,3657,5107
4886,4887,5108
3650,4886,5109
853,903,5110
853,901,5111
853,874,5112
853,866,5113
853,854,5114
855,864,5115
855,862,5116
855,856,5118
856,861,5119
856,857,5120
858,903,5121
858,894,5122
858,883,5123
859,886,5124
860,882,5125
860,861,5127
4474,4509,5128
4474,4475,5129
4475,4477,5130
4887,4889,5131
4887,4888,5132
870,900,5133
4477,4478,5134
872,886,5135
872,929,5135
886,929,5135
873,930,5136
874,931,5137
875,902,5138
875,898,5139
875,886,5140
876,894,5141
876,882,5142
876,879,5143
876,877,5144
877,896,5145
877,895,5146
879,931,5147
879,893,5149
3646,3723,5150
882,892,5151
883,932,5152
883,884,5153
884,885,5154
3650,3670,5155
894,895,5157
896,898,5158
896,897,5159
4479,4486,5160
4479,4480,5161
900,931,5162
902,929,5163
903,932,5164
3652,3664,5166
4481,4486,5167
4481,4482,5168
3662,3683,5169
4483,4484,5170
4484,4502,5171
3668,3746,5172
3669,3746,5173
3671,3703,5174
935,937,5175
935,936,5176
935,970,5176
936,970,5176
937,942,5177
938,1011,5178
938,955,5179
938,1051,5179
955,1051,5179
940,985,5180
940,962,5181
940,957,5182
940,941,5183
941,1052,5184
941,1037,5185
941,1017,5186
942,1015,5187
942,943,5188
943,960,5189
944,1006,5190
944,1004,5191
945,946,5194
946,1059,5195
946,1007,5196
4486,4497,5197
949,1049,5198
949,1048,5199
949,965,5200
949,951,5201
949,950,5202
950,1044,5203
950,963,5204
950,952,5205
951,1035,5206
951,971,5207
951,952,5208
952,1001,5209
952,979,5210
952,972,5211
953,1057,5212
953,1025,5213
953,1024,5214
953,976,5215
953,954,5216
954,1053,5217
954,1031,5218
954,1012,5219
955,974,5220
4487,4488,5221
957,1051,5222
957,1016,5223
959,994,5224
959,1050,5224
994,1050,5224
959,960,5225
960,1007,5226
961,988,5227
961,966,5228
962,1056,5229
963,994,5230
964,1031,5231
964,1014,5232
964,992,5233
965,1026,5234
966,974,5235
966,1022,5235
974,1022,5235
966,967,5236
967,998,5237
968,1027,5238
968,969,5239
970,1022,5241
970,996,5242
971,997,5243
971,972,5244
972,1038,5245
972,1027,5246
976,1055,5247
976,1011,5248
977,1049,5249
977,1035,5250
978,993,5251
978,1048,5251
993,1048,5251
979,1006,5252
980,1037,5253
980,981,5254
982,1056,5255
982,1016,5256
3684,3686,5257
985,1051,5258
3686,3724,5259
987,1013,5260
987,1045,5260
1013,1045,5260
987,1011,5261
988,990,5262
990,998,5263
4490,4510,5264
992,1055,5265
992,1012,5266
993,999,5267
993,994,5268
4491,4501,5269
997,1002,5270
999,1035,5272
3690,3699,5273
1001,1027,5274
1002,1003,5275
1003,1006,5276
1004,1046,5277
1005,1029,5278
1005,1022,5279
1006,1050,5280
1006,1038,5281
1006,1027,5282
1006,1015,5283
1006,1007,5284
4492,4493,5285
1011,1057,5286
1011,1012,5287
1013,1014,5288
1016,1017,5289
1019,1023,5290
1019,1020,5291
4494,4511,5292
1026,1027,5293
1027,1046,5294
1027,1044,5295
3697,3698,5296
1031,1034,5297
1033,1053,5298
1032,1033,5299
1035,1036,5300
1036,1050,5301
1042,1057,5302
1042,1045,5303
1051,1052,5304
1053,1059,5305
1051,1053,5306
1061,1063,5307
1061,1062,5308
1064,1161,5309
1064,1066,5310
1066,1120,5311
1066,1092,5312
1068,1069,5313
1070,1301,5314
1070,1197,5315
1070,1198,5315
1197,1198,5315
1070,1071,5316
1071,1270,5317
1073,1315,5318
1073,1281,5319
1073,1209,5320
1073,1192,5321
1073,1074,5322
1074,1314,5323
1074,1193,5324
1075,1077,5325
1076,1218,5326
1076,1077,5327
1079,1314,5328
1079,1245,5329
1079,1307,5329
1245,1307,5329
1081,1335,5330
1082,1155,5331
1083,1225,5332
1085,1225,5333
1085,1099,5334
1086,1352,5335
1086,1088,5336
1086,1087,5337
1087,1098,5338
1087,1089,5339
1087,1092,5339
1089,1092,5339
1088,1224,5340
1088,1221,5341
1088,1091,5342
1088,1089,5343
1091,1166,5344
1091,1092,5345
1092,1354,5346
1092,1093,5347
1094,1096,5348
1094,1095,5349
1095,1178,5350
1097,1286,5351
1097,1098,5352
1098,1344,5353
1099,1194,5354
1099,1100,5355
1100,1335,5356
1101,1277,5357
1101,1102,5358
1102,1278,5359
1103,1339,5360
1103,1227,5361
1103,1104,5362
1104,1144,5363
1106,1146,5364
1106,1107,5365
1107,1324,5366
1107,1318,5367
1107,1250,5368
1107,1144,5369
1107,1137,5370
1107,1108,5371
1108,1268,5372
1108,1138,5373
1110,1211,5374
1118,1190,5375
1119,1120,5376
1120,1177,5377
4888,4890,5378
1123,1276,5379
1123,1164,5380
1124,1314,5381
1124,1244,5382
1127,1129,5383
1127,1128,5384
1129,1354,5385
1130,1227,5386
1130,1188,5387
1132,1331,5388
1132,1244,5389
1132,1309,5389
1244,1309,5389
1133,1136,5390
1134,1324,5391
1134,1243,5392
1137,1138,5393
3712,3714,5394
3712,3713,5395
1141,1333,5396
1141,1346,5396
1333,1346,5396
1141,1302,5397
4889,4890,5398
4501,4502,5399
1148,1208,5400
1148,1167,5401
1148,1149,5402
1149,1341,5403
1149,1168,5404
1150,1151,5405
1151,1284,5406
1151,1276,5407
1155,1198,5409
1156,1157,5410
1157,1222,5411
1157,1162,5412
1157,1261,5412
1162,1261,5412
1158,1327,5413
1159,1160,5414
1160,1171,5415
1160,1167,5416
1163,1242,5417
1163,1164,5418
1164,1300,5419
1166,1167,5420
1167,1168,5421
1168,1245,5422
1170,1171,5423
1171,1172,5426
1175,1185,5427
1178,1179,5428
1179,1341,5429
1183,1191,5430
4506,4507,5431
1190,1235,5432
1191,1192,5433
1192,1247,5434
1192,1193,5435
1193,1331,5436
1195,1196,5437
1199,1350,5438
1200,1349,5439
1200,1201,5440
1203,1205,5441
1203,1204,5442
1205,1254,5443
1206,1291,5444
1207,1208,5445
1210,1310,5446
1213,1214,5447
1214,1347,5448
1219,1248,5449
1221,1252,5450
1222,1293,5451
1225,1226,5452
1226,1327,5453
1228,1232,5454
1229,1232,5455
1231,1232,5456
1233,1247,5457
1233,1240,5458
1236,1237,5459
1237,1238,5460
1238,1335,5461
1239,1240,5462
1242,1356,5463
1243,1292,5464
1244,1268,5465
1245,1268,5466
1250,1257,5467
1251,1290,5468
1253,1350,5469
1253,1344,5470
1253,1298,5471
1253,1254,5472
1254,1305,5473
1257,1327,5474
1258,1354,5475
1258,1293,5476
1258,1259,5477
1268,1314,5478
1269,1270,5479
1273,1275,5480
1273,1274,5481
1276,1308,5482
1277,1278,5483
1279,1280,5484
1280,1310,5485
1281,1282,5486
1282,1314,5487
1287,1301,5488
1289,1290,5489
1290,1354,5490
1295,1307,5491
1295,1305,5492
1297,1351,5493
1297,1298,5494
1299,1303,5495
1300,1330,5496
1301,1302,5497
1308,1309,5498
1310,1317,5499
1310,1311,5500
1312,1313,5501
1320,1333,5502
1324,1339,5503
1324,1325,5504
1326,1327,5505
1327,1328,5506
1330,1331,5507
1334,1347,5508
1334,1335,5509
1340,1342,5510
1340,1341,5511
1343,1344,5512
1349,1350,5513
681,682,5519
4111,4157,5527
4111,4139,5528
4100,4111,5529
2622,4173,5536
2557,2622,5537
2557,4318,5537
2622,4318,5537
2543,2998,5541
4364,4371,5547
4364,4370,5548
4353,4364,5549
1025,1051,5553
1024,1051,5554
1023,1051,5555
1020,1051,5556
1023,1047,5557
1023,1060,5557
1047,1060,5557
1020,1032,5558
1020,1047,5558
1032,1047,5558
726,727,5564
2552,2853,5570
2765,3018,5571
2497,3018,5572
2495,3018,5573
2656,2741,5574
2656,2767,5574
2741,2767,5574
2427,2656,5575
2427,2486,5576
491,2427,5577
4163,4173,5578
4163,4194,5578
4173,4194,5578
4155,4194,5579
4157,4195,5582
2554,2875,5590
4175,4318,5597
4139,4163,5603
4139,4155,5604
4328,4393,5605
4328,4411,5605
4393,4411,5605
4207,4208,5606
4165,4175,5608
4165,4208,5608
4175,4208,5608
4376,4382,5609
2486,2765,5613
2486,2562,5614
2486,2497,5615
2585,2909,5616
2495,2761,5617
2495,2562,5618
2497,2767,5619
4155,4157,5622
4219,4220,5624
4165,4220,5625
2544,4220,5626
653,654,5627
2529,2550,5631
2530,2555,5632
4085,4100,5633
4085,4087,5634
4085,4091,5634
4087,4091,5634
4087,4163,5636
2539,2555,5639
2539,2551,5640
2539,2552,5640
2551,2552,5640
2539,2540,5641
2540,2607,5642
2540,2550,5643
2765,2766,5644
2550,2552,5645
2551,2562,5646
2555,2609,5647
2555,2597,5648
2557,4100,5649
975,1032,5650
1025,1060,5651
1024,1060,5652
2608,2960,5653
4100,4173,5654
2585,2609,5655
2585,2597,5656
975,1025,5658
975,1024,5659
2607,2608,5660
2608,2609,5661
4333,4392,5679
280,281,5695
280,314,5695
281,314,5695
4333,4386,11393
4333,4414,11393
4386,4414,11393
2725,2757,17108
2725,2858,17108
2757,2858,17108
2723,2758,22777
2723,2890,22777
2758,2890,22777
2554,2810,28485
2554,2844,28485
2810,2844,28485
4337,4343,34145
4337,4346,34145
4343,4346,34145
2586,2881,39813
2586,3096,39813
2881,3096,39813
2586,2711,45517
2586,3200,45517
2711,3200,45517
2596,3006,51249
2596,3158,51249
3006,3158,51249
2534,2596,56934
2534,3180,56934
2596,3180,56934
4342,4375,62637
4342,4377,62637
4375,4377,62637
250,281,68333
250,361,68333
281,361,68333
2726,2727,73932
2726,3062,73932
2727,3062,73932
2532,2727,79619
2532,2726,85306
2807,3011,90993
2807,3239,90993
3011,3239,90993
2737,2807,96680
2737,3011,102367
2586,2718,108054
2586,3159,108054
2718,3159,108054
2718,2721,113741
2586,2721,119428
4370,4375,125115
4370,4393,125115
4375,4393,125115
4371,4375,130802
4371,4393,136489
2597,2919,142176
2597,2928,142176
2919,2928,142176
2597,2929,147863
2919,2929,153550
3357,3684,159237
3357,3723,159237
3684,3723,159237
3634,3723,164924
3634,3684,170611
4346,4362,176298
4346,4407,176298
4362,4407,176298
4362,4374,182008
4362,4406,182008
4374,4406,182008
4346,4420,187672
4362,4420,193359
4347,4358,199046
4347,4418,199046
4358,4418,199046
4347,4408,204751
4358,4378,210420
4347,4378,216107
4358,4408,221794
252,320,227481
252,371,227481
320,371,227481
252,368,233168
368,371,238855
2534,2535,244542
2534,2824,244542
2535,2824,244542
2535,2822,250229
2534,2822,255916
2820,2867,261603
2820,2960,261603
2867,2960,261603
2663,2820,267290
2663,2960,272977
57,150,278664
57,199,278664
150,199,278664
153,199,284351
57,153,290038
27,132,295725
27,140,295725
132,140,295725
95,132,301412
27,95,307099
2531,2793,312786
2531,2917,312786
2793,2917,312786
2531,2919,318514
2531,3182,318514
2919,3182,318514
2797,2840,324160
2797,3153,324160
2840,3153,324160
2840,3251,329847
3153,3251,335534
945,996,341221
945,1029,341221
996,1029,341221
944,945,346908
944,1029,352595
385,394,358282
385,448,358282
394,448,358282
427,448,363969
385,427,369656
581,721,375343
581,726,375343
721,726,375343
678,721,381030
678,726,386717
4088,4173,392404
4088,4219,392404
4173,4219,392404
4195,4219,398091
4173,4195,403778
2799,2801,409465
2799,2821,409465
2801,2821,409465
2801,3223,415153
2799,3223,420839
2798,2799,426528
2798,2801,432213
2799,3151,437922
2801,3151,443587
2799,3254,449274
2801,3254,454961
2222,2233,460648
2222,2406,460648
2233,2406,460648
2296,2406,466335
2222,2296,472022
640,682,477709
640,686,477709
682,686,477709
654,686,483396
2543,2729,489083
2543,3208,489083
2729,3208,489083
2729,2953,494805
2729,3266,494805
2953,3266,494805
2543,2953,500457
2688,2847,506144
2688,2937,506144
2847,2937,506144
2937,3174,511831
2847,3174,517518
491,2543,523205
491,2835,523205
2543,2835,523205
491,2837,528926
2543,2837,534579
491,2836,540266
2543,2836,545953
3849,3896,551640
3849,3928,551640
3896,3928,551640
3896,3921,557327
3849,3921,563014
2500,2539,568701
2500,2545,568701
2539,2545,568701
2545,2921,574388
2539,2921,580075
3060,3129,585762
3060,3130,585762
3129,3130,585762
3093,3128,591487
3093,3129,591487
3128,3129,591487
3128,3130,597136
760,763,602823
760,779,602823
763,779,602823
743,763,608510
743,760,614197
3830,3831,619884
3830,3896,619884
3831,3896,619884
3838,3896,625596
3830,3838,631258
3830,3901,636945
3896,3901,642632
4346,4366,648319
4346,4374,648319
4366,4374,648319
4366,4373,654006
891,903,659693
891,930,659693
903,930,659693
879,929,665430
879,930,665430
929,930,665430
903,929,671067
4112,4202,676754
4112,4222,676754
4202,4222,676754
4129,4202,682441
4422,4437,688128
4422,4443,688128
4437,4443,688128
4422,4436,693815
4436,4437,699502
1171,1202,705189
1171,1310,705189
1202,1310,705189
1176,1202,710876
1171,1176,716563
2554,3142,722250
2554,3285,722250
3142,3285,722250
2554,3129,727976
2554,3150,727976
3129,3150,727976
2802,3285,733624
3129,3285,739311
969,1007,744998
969,1058,744998
1007,1058,744998
998,1058,750685
998,1007,756372
2220,2374,762059
2220,2398,762059
2374,2398,762059
2220,2245,767785
2220,2333,767785
2245,2333,767785
2333,2374,773433
2716,2972,779120
2716,2979,779120
2972,2979,779120
2812,2972,784807
2716,2812,790494
2236,2263,796181
2236,2299,796181
2263,2299,796181
2299,2370,801868
2236,2370,807555
2222,2223,813242
2222,2224,813242
2223,2224,813242
2223,2230,818929
2224,2230,824616
1277,1279,830303
1277,1490,830303
1279,1490,830303
1279,2121,835990
1336,1357,841677
1336,1559,841677
1357,1559,841677
1152,1336,847364
1299,1563,853051
1299,2159,853051
1563,2159,853051
1533,2159,858738
1299,1533,864425
2554,2802,870112
2554,2996,870112
2802,2996,870112
2802,2923,875799
2554,2923,881486
2506,2784,887173
2506,2786,887173
2784,2786,887173
2785,2786,892860
2784,2785,898547
741,751,904234
741,758,904234
751,758,904234
749,751,909921
741,749,915608
4334,4356,921295
4334,4392,921295
4356,4392,921295
4161,4207,926982
4161,4218,926982
4207,4218,926982
4091,4161,932669
4091,4218,938356
2021,2047,944043
2021,2048,944043
2047,2048,944043
1828,2047,949730
1828,2021,955417
2457,2459,961104
2457,2618,961104
2459,2618,961104
2526,2618,966809
2488,2618,972478
2459,2488,978165
2459,2526,983852
1585,1600,989539
1585,2013,989539
1600,2013,989539
1952,2013,995226
3797,3878,1000913
3797,3917,1000913
3878,3917,1000913
3797,3877,1006600
3877,3878,1012287
4328,4343,1017974
4328,4376,1017974
4343,4376,1017974
4369,4376,1023661
855,860,1029348
855,865,1029348
860,865,1029348
865,884,1035035
860,884,1040722
4385,4402,1046409
4385,4403,1046409
4402,4403,1046409
4338,4387,1052102
4338,4403,1052102
4387,4403,1052102
4385,4387,1057783
617,640,1063470
617,726,1063470
640,726,1063470
654,726,1069157
640,654,1074844
2236,2329,1080531
2236,2384,1080531
2329,2384,1080531
2224,2236,1086226
2224,2384,1091905
2310,2384,1097592
2236,2310,1103279
4129,4187,1108966
4129,4318,1108966
4187,4318,1108966
4222,4318,1114653
4129,4222,1120340
4368,4369,1126027
4368,4405,1126027
4369,4405,1126027
4343,4369,1131717
4343,4412,1131717
4369,4412,1131717
4343,4405,1137401
2852,2915,1143088
2852,3157,1143088
2915,3157,1143088
2938,3157,1148788
2852,2938,1154462
2853,3157,1160149
4352,4360,1165836
4352,4417,1165836
4360,4417,1165836
4359,4417,1171523
2852,2853,1177210
2852,3277,1177210
2853,3277,1177210
2853,3276,1182897
3276,3277,1188584
4353,4382,1194271
4353,4409,1194271
4382,4409,1194271
4353,4399,1199958
4382,4399,1205645
2487,2529,1211332
2487,2544,1211332
2529,2544,1211332
2465,2544,1217019
2465,2487,1222706
2917,2919,1228393
2917,2927,1228393
2919,2927,1228393
2658,2917,1234080
4359,4360,1239767
4359,4365,1239767
4360,4365,1239767
4334,4360,1245465
4334,4384,1245465
4360,4384,1245465
4365,4384,1251141
2658,2909,1256828
2658,2919,1256828
2909,2919,1256828
2658,2694,1262516
2658,3078,1262516
2694,3078,1262516
2694,2909,1268202
1357,1490,1273889
1357,2121,1273889
1490,2121,1273889
1152,1490,1279576
1152,1357,1285263
1152,1531,1285263
1357,1531,1285263
1474,1531,1290950
1152,1474,1296637
4334,4341,1302324
4334,4358,1302324
4341,4358,1302324
4334,4396,1308011
4341,4396,1313698
4365,4373,1319385
4365,4374,1319385
4373,4374,1319385
1585,1857,1325072
1585,1952,1325072
1857,1952,1325072
1585,1856,1330760
1585,2001,1330760
1856,2001,1330760
1856,1952,1336446
4374,4396,1342133
4374,4397,1342133
4396,4397,1342133
4373,4392,1347821
4373,4396,1347821
4392,4396,1347821
4392,4397,1353507
512,551,1359194
512,552,1359194
551,552,1359194
512,535,1364883
512,539,1364883
535,539,1364883
539,552,1370568
535,551,1376255
668,681,1381942
668,727,1381942
681,727,1381942
585,653,1387631
585,681,1387631
653,681,1387631
585,668,1393316
653,727,1399003
2521,2534,1404700
2521,3006,1404700
2534,3006,1404700
3031,3130,1410387
3031,3285,1410387
3130,3285,1410387
2915,3039,1416080
2915,3277,1416080
3039,3277,1416080
4337,4362,1421799
4337,4396,1421799
4362,4396,1421799
4384,4392,1427438
4384,4396,1433125
4346,4396,1438812
4346,4369,1444499
4366,4369,1450186
3031,3129,1455873
4343,4366,1461560
4365,4372,1467247
2521,2596,1472934
2852,3039,1478621
2586,2890,1484308
2881,2890,1489995
4344,4374,1495682
4337,4374,1501369
2586,2723,1507063
2723,2881,1512743
4362,4373,1518435
4344,4362,1524117
4344,4346,1529804
281,313,1535497
281,306,1541178
4368,4375,1546881
2852,3127,1552552
2852,3131,1552552
3127,3131,1552552
2853,3127,1558239
2853,3131,1563926
4353,4375,1569613
4353,4385,1569613
4375,4385,1569613
2801,2998,1575300
2801,3212,1575300
2998,3212,1575300
2799,3212,1580987
2799,2998,1586674
2554,2909,1592361
2554,3097,1592361
2909,3097,1592361
2844,2909,1598048
2844,3097,1603735
2586,2675,1609422
2586,3216,1609422
2675,3216,1609422
2711,3216,1615109
2675,2711,1620796
4360,4372,1626483
4360,4373,1626483
4372,4373,1626483
4372,4381,1632171
4372,4417,1632171
4381,4417,1632171
4360,4381,1637857
2847,3019,1643544
2847,3214,1643544
3019,3214,1643544
3174,3214,1649231
3019,3174,1654918
4345,4385,1660605
4345,4386,1660605
4385,4386,1660605
250,313,1666292
250,314,1666292
313,314,1666292
306,314,1671979
250,306,1677666
2780,2839,1683353
2780,2858,1683353
2839,2858,1683353
2725,2780,1689040
2725,2840,1689040
2780,2840,1689040
2839,2840,1694727
2725,2839,1700414
4368,4377,1706101
4368,4393,1706101
4377,4393,1706101
4377,4385,1711788
4353,4377,1717475
4385,4393,1723170
4353,4393,1728849
4353,4402,1728849
4393,4402,1728849
4385,4409,1734536
4385,4414,1734536
4409,4414,1734536
4345,4353,1740223
4345,4414,1740223
4353,4414,1740223
4345,4402,1745911
4345,4409,1745911
4402,4409,1745911
4402,4414,1751597
2663,2945,1757303
2663,3201,1757303
2945,3201,1757303
2820,3201,1762971
4346,4348,1768678
4346,4382,1768678
4348,4382,1768678
4346,4347,1774345
4337,4347,1780032
4337,4382,1780032
4347,4382,1780032
4333,4337,1785719
4333,4348,1785719
4337,4348,1785719
2534,2543,1791407
2534,3113,1791407
2543,3113,1791407
2534,2766,1797093
2766,3113,1802780
2543,2766,1808467
2501,2531,1814154
2501,3114,1814154
2531,3114,1814154
2580,3114,1819841
2531,2580,1825528
2501,2580,1831215
2838,2970,1836903
2838,3105,1836903
2970,3105,1836903
2663,3105,1842589
2663,2970,1848276
2663,2838,1853963
2838,2945,1859651
2838,3132,1859651
2945,3132,1859651
2820,3132,1865337
2820,2838,1871024
2820,2945,1876711
2530,2875,1882399
2530,2918,1882399
2875,2918,1882399
2530,3187,1888085
2875,3187,1893772
2918,3187,1899459
2671,3006,1905147
2671,3009,1905147
3006,3009,1905147
3009,3222,1910833
3006,3222,1916520
2671,3222,1922207
2466,3245,1927894
2466,3280,1927894
3245,3280,1927894
2717,3280,1933581
2466,2717,1939268
2717,3245,1944955
3066,3187,1950643
3066,3203,1950643
3187,3203,1950643
3160,3203,1956329
3066,3160,1962016
3160,3187,1967703
2575,2693,1973391
2575,2937,1973391
2693,2937,1973391
2693,2973,1979077
2937,2973,1984764
2575,2973,1990451
2821,2826,1996139
2821,2953,1996139
2826,2953,1996139
2826,2866,2001825
2866,2953,2007512
2821,2866,2013199
2698,3134,2018887
2698,3135,2018887
3134,3135,2018887
3134,3271,2024573
2698,3271,2030260
3135,3271,2035947
2881,2999,2041635
2881,3198,2041635
2999,3198,2041635
3198,3231,2047321
2881,3231,2053008
2999,3231,2058695
2880,2882,2064382
2880,3112,2064382
2882,3112,2064382
2882,3118,2070069
3112,3118,2075756
2880,3118,2081443
2960,3064,2087136
2960,3110,2087136
3064,3110,2087136
3110,3149,2092817
2960,3149,2098504
3064,3149,2104191
2741,2933,2109878
2741,3043,2109878
2933,3043,2109878
3042,3043,2115565
2933,3042,2121252
2879,2987,2126940
2879,3154,2126940
2987,3154,2126940
2884,2987,2132626
2884,3154,2138313
2741,2884,2144000
2741,3042,2144000
2884,3042,2144000
2741,2761,2149687
2761,3042,2155374
2841,2879,2161061
2841,2884,2161061
2879,2884,2161061
2761,2884,2166748
2761,2841,2172435
2761,2879,2178122
4336,4348,2183809
4336,4399,2183809
4348,4399,2183809
4348,4403,2189496
4333,4399,2195183
4333,4403,2195183
4399,4403,2195183
4336,4382,2200870
4336,4403,2200870
4382,4403,2200870
4333,4336,2206557
4333,4382,2212244
280,296,2217931
280,303,2217931
296,303,2217931
280,283,2223618
283,303,2229305
283,314,2229305
303,314,2229305
283,296,2234992
296,314,2240679
